price,Date,AAPL,AMZN,AVGO,DIA,GOOGL,META,MSFT,NVDA,ONEQ,PINK,QQQ,SPY,TSLA
36201.52,2023-11-17,0.7991073657697757,0.6780942948950123,0.517823611677885,0.7765438376826673,0.7069510431431821,0.5605166121954989,0.7881398306633544,0.33102559700727685,0.727415242614855,0.738362291320943,0.7457314329739888,0.742827686286886,0.6694285801478794
36527.76,2023-11-18,0.0,0.0,0.0,0.0,0.0,0.0,0.0,0.0,0.0,0.0,0.0,0.0,0.0
36582.37,2023-11-19,0.0,0.0,0.0,0.0,0.0,0.0,0.0,0.0,0.0,0.0,0.0,0.0,0.0
37413.99,2023-11-20,0.8065217825218539,0.6825315306724459,0.5273461793821467,0.7811885356798226,0.7118621852844276,0.5687643571239757,0.8043138885486921,0.33848570257251204,0.7349801989495226,0.7431535947468422,0.7548106704085037,0.7485456801389264,0.6731428745814731
37489.3,2023-11-21,0.8031094532424784,0.6721157860542513,0.5196613951973914,0.7796329321177644,0.7156239230827757,0.5637621966101389,0.7950015303946312,0.3353633288920775,0.7310672905005565,0.7450401589841592,0.7504256458289558,0.7469142975738026,0.6891428484235491
35965.36,2023-11-22,0.8059319597328867,0.6852405536267668,0.5147888809665907,0.7834997594470091,0.723565458345561,0.5713073520662532,0.8051875964343145,0.3271175566260121,0.7351107294465076,0.7486634443604262,0.7534969912164176,0.7497980139619599,0.6691714477539062
37464.83,2023-11-23,0.0,0.0,0.0,0.0,0.0,0.0,0.0,0.0,0.0,0.0,0.0,0.0,0.0
37293.32,2023-11-24,0.8002869467520699,0.6853806693597966,0.5184273985655671,0.7862552347141387,0.7141610738898682,0.5658534756824668,0.804292506833485,0.3208056779747873,0.733415135785289,0.7518077946668263,0.7524346276622899,0.7502593759645687,0.6727142769949777
37738.93,2023-11-25,0.0,0.0,0.0,0.0,0.0,0.0,0.0,0.0,0.0,0.0,0.0,0.0,0.0
37809.85,2023-11-26,0.0,0.0,0.0,0.0,0.0,0.0,0.0,0.0,0.0,0.0,0.0,0.0,0.0
37491.84,2023-11-27,0.7995286585339464,0.6900046310886736,0.5032644126219523,0.7851886591251145,0.7126981447773151,0.5599478322195857,0.8068070488518574,0.32393473916162757,0.7335455660669212,0.7501607266810196,0.7517778474227979,0.7489082152609499,0.6745142909458706
37250.17,2023-11-28,0.8020983376893404,0.6867351452022336,0.5012041683451062,0.7869443101915661,0.7168256747935355,0.5671248451307426,0.8155228113803821,0.32110782002664756,0.7353715399020956,0.7433033229789016,0.7537481881412733,0.7496497481571004,0.7049142892020089
37802.24,2023-11-29,0.7977593193583249,0.6834189778279325,0.4982806680124818,0.7881444574441644,0.7052791241574071,0.5557653764932203,0.8073185099416149,0.32324984626422054,0.733415135785289,0.7468368977688713,0.7530141256720646,0.7491223826421873,0.6975428553989955
37810.35,2023-11-30,0.8002027140374918,0.682344662182108,0.4902834458588697,0.800033782126775,0.6924263668337307,0.5473167380880615,0.8074464079078084,0.3140505790714359,0.7323716434245551,0.752766009405483,0.7511210078267548,0.7520720006067226,0.6859428623744419
37711.82,2023-12-01,0.8056370806362232,0.6867351452022336,0.4925449387551831,0.8068118379626235,0.6889258863568214,0.5434187491633706,0.7980701007706507,0.3140170134262581,0.7358932109209481,0.7626180351819419,0.7532652632403691,0.7565211979836258,0.6823714338030133
38688.26,2023-12-02,0.0,0.0,0.0,0.0,0.0,0.0,0.0,0.0,0.0,0.0,0.0,0.0,0.0
39481.67,2023-12-03,0.0,0.0,0.0,0.0,0.0,0.0,0.0,0.0,0.0,0.0,0.0,0.0,0.0
39960.28,2023-12-04,0.7980120820976996,0.6765062690743767,0.48935134267088626,0.8059007400655472,0.675393971884908,0.5353883870563355,0.7866268944967977,0.3055899354309726,0.7305455693740278,0.7668702710259043,0.7462723492254564,0.7525498762293982,0.6730857195172991
41974.33,2023-12-05,0.8148207719682828,0.6860345665370846,0.48360498683001135,0.804278385115143,0.6843804565138027,0.5324941485870219,0.7938294593087324,0.312708260735882,0.7321108329689671,0.7604619945868104,0.7481461761916125,0.7524016104245387,0.682057146344866
44105.94,2023-12-06,0.8101868099449641,0.67501167749891,0.47858415175122404,0.8027448942421037,0.6793125120279067,0.5310888160148614,0.7859022701300511,0.3055698216664959,0.7281978744123246,0.7621987731589143,0.7438189648929742,0.7493696282315219,0.6839142717633928
43788.29,2023-12-07,0.8184015666768147,0.6860345665370846,0.48844566233936315,0.8041005191866498,0.7154149332095537,0.5463798667763362,0.7904838420601354,0.31290973147483864,0.7382409559903276,0.7686969899169207,0.7542117628064727,0.755087571115599,0.6932571411132813
43270.12,2023-12-08,0.8244678724218021,0.6885567210010678,0.5001184515319881,0.8069672467676896,0.7052791241574071,0.5566854512053148,0.7974735051451143,0.31902072870759457,0.741893104091382,0.7684874163385607,0.7575730649467513,0.7583338226257798,0.6966857038225447
44202.18,2023-12-09,0.0,0.0,0.0,0.0,0.0,0.0,0.0,0.0,0.0,0.0,0.0,0.0,0.0
43745.49,2023-12-10,0.0,0.0,0.0,0.0,0.0,0.0,0.0,0.0,0.0,0.0,0.0,0.0,0.0
43757.96,2023-12-11,0.8138096564151448,0.6814105335387605,0.5451042262702439,0.8104565050984559,0.6963970945053005,0.5441882689885303,0.7912296519795643,0.3131179153428308,0.7434583175786448,0.7715417688928945,0.7640444129459013,0.7612834405903149,0.6849714442661832
41200.96,2023-12-12,0.8202552677582943,0.6888369524671274,0.567899027597853,0.8142787626152546,0.6923741793051594,0.5591447704043094,0.7977931192855814,0.32003476990878343,0.7480234275434481,0.7772912870574503,0.7701294091530176,0.7647603731018001,0.6771714128766742
41450.82,2023-12-13,0.8339464428505255,0.695189127019117,0.5771196608289934,0.826123793032946,0.6926354366265981,0.5600146601540924,0.7977717375703741,0.32292910218304804,0.7589795712005529,0.8013373999069353,0.7799234181775877,0.7753065111369076,0.6836856951032366
42931.76,2023-12-14,0.8345783174011419,0.6885567210010678,0.5860172295077003,0.8296572078548681,0.6893438661032651,0.5573880918868224,0.779786380318203,0.3246884800655939,0.7606752149694479,0.8043319071149684,0.779247287702391,0.7777947670988342,0.7172857230050224
43009.6,2023-12-15,0.8323035173424114,0.7004670571947291,0.598330855028044,0.8299534214460844,0.6927921590516032,0.5603158723462525,0.7900150790132842,0.32831479963103416,0.7635763492168319,0.7960070863322534,0.7830141138007544,0.7765140950882785,0.7242857142857143
41992.01,2023-12-16,0.0,0.0,0.0,0.0,0.0,0.0,0.0,0.0,0.0,0.0,0.0,0.0,0.0
42247.07,2023-12-17,0.0,0.0,0.0,0.0,0.0,0.0,0.0,0.0,0.0,0.0,0.0,0.0,0.0
41410.82,2023-12-18,0.8252261606399258,0.7196170150958667,0.6074720966019632,0.8307330142860371,0.7095111091504158,0.5765437432103074,0.7941064407938017,0.33628594854975913,0.7685423205927217,0.7878619738879018,0.7879460496434452,0.7808820495318898,0.7202285766601563
42684.18,2023-12-19,0.8296494762811591,0.7183091494718435,0.60631753265664,0.8363456418576533,0.7139520040970007,0.5861467381669236,0.7954064752334025,0.3331095879881111,0.7732468301132304,0.7989418056271397,0.7919721451576331,0.7856304798205602,0.734914289202009
42250.21,2023-12-20,0.8207607286414033,0.7105090648322482,0.5907815905558474,0.825877384657183,0.7227816863812448,0.5843398746871249,0.7897806647961044,0.32308350415086606,0.7613547251689154,0.7834600098118801,0.7802035810994495,0.7747438248235183,0.7061142839704241
43634.12,2023-12-21,0.8201287248995068,0.7185426994500422,0.5997785731805216,0.8327375536559921,0.7336490798691363,0.5923868797663552,0.796003136246447,0.3289863687608896,0.7710252561729901,0.7985823889504124,0.7892816314029396,0.7820898373551133,0.7271428571428571
43849.7,2023-12-22,0.8155790601864062,0.7165810079181781,0.5969533379740184,0.8325593432930904,0.73923953899791,0.5912158802427027,0.7982192496770347,0.32791190939838066,0.7728547876531879,0.8034335951557662,0.7904624112767951,0.7836616383712922,0.7215428379603794
44003.7,2023-12-23,0.0,0.0,0.0,0.0,0.0,0.0,0.0,0.0,0.0,0.0,0.0,0.0,0.0
43752.03,2023-12-24,0.0,0.0,0.0,0.0,0.0,0.0,0.0,0.0,0.0,0.0,0.0,0.0,0.0
43034.97,2023-12-25,0.0,0.0,0.0,0.0,0.0,0.0,0.0,0.0,0.0,0.0,0.0,0.0,0.0
43638.24,2023-12-26,0.8132621437703867,0.7165343264303173,0.6022260107747813,0.8360116782552771,0.7393962614229149,0.5936249120610954,0.7983897802986261,0.3309270779952854,0.7770366741089928,0.810281464954347,0.7953013947602411,0.7869706824120976,0.73317138671875
42516.43,2023-12-27,0.8136833073432777,0.7162073422069497,0.5991826639146415,0.8387066019534115,0.7333878225476976,0.5986439203837081,0.7971325092894398,0.3318537972737522,0.7765139007212599,0.8193521126728207,0.7969204040519157,0.7883936060078588,0.746971435546875
43418.47,2023-12-28,0.8154948920674681,0.7163942106972875,0.5971821172405116,0.839753407007394,0.7326563979512439,0.5994636763803246,0.7997109349034007,0.3325589320487855,0.777899528296356,0.8238572841262919,0.7965330431985108,0.7886914118166573,0.7233714076450893
42600.65,2023-12-29,0.8110714472349546,0.7096683704340695,0.5939047393660105,0.8393971240553542,0.7298350746225715,0.5921694457357684,0.8013304527084519,0.3325589320487855,0.7743701941101232,0.821154135307686,0.7930858521285853,0.7864081490025977,0.7099428449358258
42074.71,2023-12-30,0.0,0.0,0.0,0.0,0.0,0.0,0.0,0.0,0.0,0.0,0.0,0.0,0.0
42220.61,2023-12-31,0.0,0.0,0.0,0.0,0.0,0.0,0.0,0.0,0.0,0.0,0.0,0.0,0.0
42208.2,2024-01-01,0.0,0.0,0.0,0.0,0.0,0.0,0.0,0.0,0.0,0.0,0.0,0.0,0.0
44168.68,2024-01-02,0.7820459131598179,0.7002801887043913,0.5774802261435455,0.8398871164447315,0.7218935393597861,0.579337662964143,0.7903133768260524,0.32346630624167266,0.7599912451867818,0.8285426808165111,0.7796650984665828,0.7820070653829264,0.7097714233398438
44994.67,2024-01-03,0.7761902537969156,0.6934609854654515,0.5632211973016847,0.8334724389097357,0.7258120795027847,0.5762928183987495,0.7897380321407066,0.31944380957261453,0.7522788720681873,0.8192619426212928,0.7714150720529176,0.7756207286298465,0.6812857055664062
42821.56,2024-01-04,0.7663326361525908,0.6752452274771087,0.5581294225974013,0.8342074619372424,0.712593689800527,0.580726250145818,0.7840695890480109,0.32232471558880804,0.7482267143865452,0.8265604329448976,0.767445009123102,0.7731223810112124,0.6797999790736607
44195.58,2024-01-05,0.7632572377315278,0.678374597630519,0.5582731071367233,0.8344303798863532,0.7091453169325433,0.5888067972151647,0.7836647749842562,0.32970487854873426,0.7477038407834596,0.8310656618315226,0.7683551824798455,0.7741812914140185,0.6785428728376117
44113.7,2024-01-06,0.0,0.0,0.0,0.0,0.0,0.0,0.0,0.0,0.0,0.0,0.0,0.0,0.0
43956.12,2024-01-07,0.0,0.0,0.0,0.0,0.0,0.0,0.0,0.0,0.0,0.0,0.0,0.0,0.0
43883.74,2024-01-08,0.7817089177058654,0.6964035583979712,0.5718777189591134,0.8393303726670079,0.725394099756341,0.6000325075653831,0.7984537292817228,0.35089863687608897,0.7637820412283957,0.8453922471904564,0.7842355529122105,0.785233439387471,0.686999991280692
46936.19,2024-01-09,0.7799395785302438,0.7070060289676093,0.5759425718088308,0.8356328692929285,0.7364182156692375,0.5979747192740263,0.8007978060660123,0.3568551808957671,0.7656121238930338,0.849687328167183,0.785784877612727,0.7840421651843144,0.6713143048967634
46105.95,2024-01-10,0.7843629587671173,0.7180289180057841,0.5749210247899732,0.8395753344182557,0.7433669890944848,0.6197904296457526,0.8156718948992577,0.36498078302757,0.7714943642393138,0.8547631554372025,0.7911105254598055,0.7884762760441194,0.6684000069754464
46632.31,2024-01-11,0.7818352667777325,0.724801439756863,0.5852482177085819,0.8400654645813965,0.7423221196480211,0.6184520786355344,0.8196355548761066,0.3681504304601825,0.7714943642393138,0.8514894082352021,0.7927567200519489,0.7881288784071573,0.6492000034877232
46314.36,2024-01-12,0.783225494142112,0.7221858510477108,0.5893449913383088,0.8372589441349433,0.745300085482053,0.626515777896105,0.8278184745996666,0.3673982781592703,0.7716250951670044,0.8460830531648368,0.7931633717845072,0.7886748472286271,0.6253999982561383
42893.93,2024-01-13,0.0,0.0,0.0,0.0,0.0,0.0,0.0,0.0,0.0,0.0,0.0,0.0,0.0
42848.47,2024-01-14,0.0,0.0,0.0,0.0,0.0,0.0,0.0,0.0,0.0,0.0,0.0,0.0,0.0
41800.93,2024-01-15,0.0,0.0,0.0,0.0,0.0,0.0,0.0,0.0,0.0,0.0,0.0,0.0,0.0
42587.34,2024-01-16,0.7735784582842326,0.715366647808771,0.5932184015665307,0.8322474923797332,0.744464205908811,0.6147547783509447,0.8316541712228138,0.3786264220559598,0.7699257935377333,0.8475247401925137,0.7930858521285853,0.7857793572409777,0.6283142961774553
43148.0,2024-01-17,0.7695763062158898,0.7085941260576921,0.5872114687669939,0.8301539511586498,0.7391350840211218,0.6162771238199237,0.8299493881069668,0.3764170595469919,0.7654814430730196,0.849687328167183,0.7886122675745845,0.7814115047332928,0.6158571515764509
42713.86,2024-01-18,0.7946419983668931,0.7169546736294067,0.6086212857115778,0.8348087755274117,0.7496366053714952,0.629259512687629,0.8393256952441247,0.383495054832428,0.7756773530639992,0.8478851332328559,0.7998060227905415,0.7883604768317988,0.6053714425223214
41261.39,2024-01-19,0.8069851916433138,0.7255487711793198,0.6444231894537681,0.8437298333653886,0.7647881713809667,0.6415057700928555,0.8495544593267139,0.3995045352054935,0.7887491430334647,0.8475247401925137,0.8156668649175478,0.7981882723939978,0.6062571498325893
41600.94,2024-01-20,0.0,0.0,0.0,0.0,0.0,0.0,0.0,0.0,0.0,0.0,0.0,0.0,0.0
41626.11,2024-01-21,0.0,0.0,0.0,0.0,0.0,0.0,0.0,0.0,0.0,0.0,0.0,0.0,0.0
41541.9,2024-01-22,0.8168006929303496,0.7229331824701677,0.6493713206480098,0.8470057490235973,0.7627505400969649,0.6387118503390199,0.8449515056814225,0.40059915957773906,0.7921477462920069,0.8544027623968602,0.8167321369426865,0.7998759235904606,0.5965714372907366
39504.73,2024-01-23,0.8222350595290809,0.7287248940900382,0.6524624666196033,0.8447104381260784,0.7682364643293047,0.6444334993431403,0.8500444733137559,0.40206982166649585,0.7947621143074353,0.8532914308700675,0.820121158592395,0.8022087782326838,0.5975428553989955
39833.45,2024-01-24,0.8193705012770233,0.7326949586416273,0.6671258800472887,0.8425932687045794,0.7769094241885438,0.6536348609738281,0.8578438953012602,0.41206900174233885,0.7973764322151872,0.844851628913366,0.8246722034457665,0.8030856820390121,0.5938000052315848
40123.67,2024-01-25,0.8179802739126438,0.7368052101956931,0.6544257997365757,0.8479195335090591,0.7934715719427059,0.6577838771283673,0.8627664630870188,0.41378141334426566,0.7998600693029251,0.8447314787555339,0.8256792466941368,0.8074535855146602,0.5218000139508928
39938.29,2024-01-26,0.8106080381134946,0.7432040662355436,0.6410605937642551,0.8492788783452159,0.7951435708481265,0.6593900007589195,0.8607633167708953,0.40984621297529983,0.7962000041890017,0.8490865773780226,0.8207602505796168,0.8064278042879143,0.5235714285714286
41862.94,2024-01-27,0.0,0.0,0.0,0.0,0.0,0.0,0.0,0.0,0.0,0.0,0.0,0.0,0.0
42119.61,2024-01-28,0.0,0.0,0.0,0.0,0.0,0.0,0.0,0.0,0.0,0.0,0.0,0.0,0.0
42026.58,2024-01-29,0.8077013635041481,0.7531993923852017,0.6479188020697466,0.8542261964135835,0.8020400768251569,0.6709000754925218,0.8731016126455778,0.41947606846366714,0.8049580744060911,0.8604998085752982,0.8291651975920235,0.8128141410409941,0.5455142647879464
43267.61,2024-01-30,0.7921564227347974,0.7426436033034245,0.6428057741983104,0.8568559531216503,0.7913295656015615,0.6692940542802601,0.8706935868781918,0.421551091524034,0.7986835911690632,0.8580970351512727,0.8236458099616912,0.8121855021832636,0.5473999895368304
42892.03,2024-01-31,0.7768221929431718,0.7248948740020318,0.627823111941252,0.8499027868325758,0.731977240803007,0.6526980920803931,0.8472316334826151,0.4131770267500256,0.780513846204108,0.8550935109380866,0.8075137677520605,0.7989328123999753,0.535114266531808
42583.26,2024-02-01,0.7871854652575258,0.7439513976580006,0.6384695126599537,0.8582154357315703,0.7375154324835637,0.660460681567094,0.8604437026304282,0.42325010249051964,0.7911019990858356,0.8695103237817021,0.8170225685479132,0.8093893997237943,0.5396000017438617
43069.04,2024-02-02,0.7829306150454486,0.8024754444683435,0.651414373656445,0.8611571122398762,0.7438895037373623,0.7946507131744028,0.876298146375299,0.44428938198216666,0.8050887552261052,0.8707116530605611,0.8308307424198716,0.8179101728384792,0.5368857247488839
43170.66,2024-02-03,0.0,0.0,0.0,0.0,0.0,0.0,0.0,0.0,0.0,0.0,0.0,0.0,0.0
42976.85,2024-02-04,0.0,0.0,0.0,0.0,0.0,0.0,0.0,0.0,0.0,0.0,0.0,0.0,0.0
42599.36,2024-02-05,0.7906399108941903,0.7954693727390659,0.6613956897428194,0.8548279922119246,0.7506815547376046,0.768585616723514,0.8644286135474678,0.46559060161935023,0.8045659317306961,0.8761180081309266,0.8297462388721306,0.8149320128145692,0.5173142787388392
42648.46,2024-02-06,0.7974644402616614,0.790051326830424,0.6505152169804763,0.8581707281453612,0.7528759084466115,0.7607393514935301,0.8640875523042851,0.45814323050117867,0.8039123271999199,0.8863298526161894,0.8280806940442824,0.8172979966328524,0.5288571602957588
43087.79,2024-02-07,0.7979278493831213,0.7964969356275824,0.6688231793113302,0.8617142693388898,0.7603993840433074,0.7856166006119903,0.8823287054888433,0.470741211437942,0.8118861120662191,0.8887326834733689,0.8366018018274695,0.8241145539630446,0.535942862374442
44247.42,2024-02-08,0.7933360037170916,0.7932741312290033,0.6782404658825534,0.8632296429620477,0.7623325603505211,0.7863025471121575,0.8824565380675283,0.4676655734344573,0.8138468254431949,0.8893333768293752,0.8381511265279861,0.8244785671559999,0.5415999930245535
45338.27,2024-02-09,0.7965839370926316,0.8148061278610942,0.6828587216638456,0.8618255216528001,0.7784768881975307,0.7831405872316551,0.8961800029175906,0.4844003279696628,0.8239120546141604,0.8893333768293752,0.8464010935851001,0.8292436130006633,0.5530571637834821
47143.24,2024-02-10,0.0,0.0,0.0,0.0,0.0,0.0,0.0,0.0,0.0,0.0,0.0,0.0,0.0
47769.0,2024-02-11,0.0,0.0,0.0,0.0,0.0,0.0,0.0,0.0,0.0,0.0,0.0,0.0,0.0
48189.88,2024-02-12,0.7894131750946859,0.8049509174444659,0.6730476770903742,0.8649233647218706,0.7707965303365384,0.7844622440605329,0.8849072618778207,0.48517259403505175,0.8219512911295082,0.8865700954986997,0.843089472878211,0.828879599807708,0.5375142996651786
50050.14,2024-02-13,0.7805129940266474,0.7876692880994706,0.6659447701576648,0.8531344082258653,0.7583095652307343,0.7697734640559425,0.865856349790737,0.4843667110792252,0.8080952659169289,0.877920030765792,0.8299398005857306,0.8174633876733369,0.5257714407784597
49732.15,2024-02-14,0.7767588892159583,0.7985987428924762,0.6715685715385299,0.8564103238840738,0.7624892827755262,0.7917899142769151,0.8742251662003339,0.4962664241057702,0.8175069406647946,0.8809535925184359,0.8389838395853589,0.824892172177119,0.5391714477539062
51790.17,2024-02-15,0.7755357061766545,0.7930873340081125,0.6730849316768117,0.8652353534089914,0.7459271350213641,0.8097745148676023,0.8679698702208353,0.48792589935430974,0.8201213086802229,0.891916318056995,0.8414820974705799,0.8305837646242377,0.5727142769949777
51958.23,2024-02-16,0.7689975938770052,0.7917327868962285,0.662661976418175,0.8620032498075301,0.7341715945120139,0.7918568446297123,0.8626326148575719,0.4876237060571897,0.8137161446231808,0.9028490634892502,0.8338518128084315,0.8264474086052678,0.5712857055664062
52166.43,2024-02-17,0.0,0.0,0.0,0.0,0.0,0.0,0.0,0.0,0.0,0.0,0.0,0.0,0.0
51684.52,2024-02-18,0.0,0.0,0.0,0.0,0.0,0.0,0.0,0.0,0.0,0.0,0.0,0.0,0.0
52138.49,2024-02-19,0.0,0.0,0.0,0.0,0.0,0.0,0.0,0.0,0.0,0.0,0.0,0.0,0.0
51764.31,2024-02-20,0.7658340870029633,0.7803829849041334,0.6525901907689207,0.8608872823243425,0.7373063626906963,0.7892302251532971,0.8599212564392801,0.46639638208465717,0.8063959141799814,0.9043508255958431,0.8275578221843923,0.8218975495011052,0.5535999843052456
52286.79,2024-02-21,0.7690399040212144,0.7874357381212719,0.6530690845276205,0.8616907789122376,0.7447777306784666,0.7838375436980438,0.8586189334368898,0.45309997950189607,0.8028665799937487,0.9010469259880771,0.8242460827644009,0.8226419875711564,0.5564857264927454
51842.76,2024-02-22,0.7776868055847582,0.8154133435505213,0.694276636967759,0.8717127868931961,0.7528236409983946,0.8141506947903195,0.8788365548341932,0.5274123193604592,0.8254807255310938,0.9055521548747022,0.8483764796104311,0.839666969212496,0.564028581891741
51319.5,2024-02-23,0.7698835230797962,0.8173283535945245,0.6897381421072096,0.8733645565420769,0.7521444838501576,0.8106337019060352,0.8760398657175974,0.5292858973044994,0.8246964401803034,0.9115891834073782,0.84587822172521,0.8402460672100259,0.5484857177734375
50841.08,2024-02-24,0.0,0.0,0.0,0.0,0.0,0.0,0.0,0.0,0.0,0.0,0.0,0.0,0.0
51553.1,2024-02-25,0.0,0.0,0.0,0.0,0.0,0.0,0.0,0.0,0.0,0.0,0.0,0.0,0.0
51751.88,2024-02-26,0.7641469134814393,0.8161139222156703,0.6965271750462544,0.8720921469505981,0.7187587711811037,0.8067984953933789,0.8700621397107426,0.5311326739776571,0.8236506428664557,0.9076546103373014,0.8454327508081394,0.8371686725618251,0.5697142682756697
54478.19,2024-02-27,0.7703474489663761,0.8105557605739985,0.6896636329343345,0.8697485463490229,0.7256031695492084,0.815691424342431,0.8699339801945161,0.5285069181100748,0.8248270708926412,0.9107481897357075,0.8474663062536876,0.838723908989974,0.5706571306501115
57003.53,2024-02-28,0.765243553661956,0.8087809375324723,0.6860404602861596,0.8696146302510402,0.7125414223523101,0.8106169053064043,0.8704463567093893,0.5215363841344676,0.8214284676340989,0.9001458572374906,0.8429539025151745,0.8376154067590043,0.5772571236746652
62558.58,2024-02-29,0.7624174298157067,0.8255954669210701,0.6919301724321147,0.8703958074892717,0.723408735920556,0.8208497215400311,0.8830851081846132,0.5312669365583683,0.8294022023927218,0.895039992428013,0.8501775948013158,0.8406266449910113,0.5768000139508929
61298.22,2024-03-01,0.7578197705420756,0.832414741429457,0.7444333729211181,0.8734314457041865,0.71651215002388,0.841231473427421,0.8870559607873729,0.5525345393051143,0.8378988107544302,0.9058525302692823,0.8629786067118014,0.8485186263440762,0.578971426827567
62426.64,2024-03-02,0.0,0.0,0.0,0.0,0.0,0.0,0.0,0.0,0.0,0.0,0.0,0.0,0.0
62067.87,2024-03-03,0.0,0.0,0.0,0.0,0.0,0.0,0.0,0.0,0.0,0.0,0.0,0.0,0.0
63053.11,2024-03-04,0.7385853206020495,0.8294254870090765,0.7460773341208766,0.8710209559405016,0.6967106991946017,0.8343482985915129,0.885817782930604,0.5723986368760889,0.8355459045943828,0.9070539169812951,0.8598993669030245,0.847608644329651,0.5375428553989955
68186.65,2024-03-05,0.7175792706390014,0.8132647835283194,0.7144147924012788,0.8620032498075301,0.69315787134983,0.8210004300544016,0.859622304751429,0.5773077790304397,0.8209055940310132,0.8920365256479809,0.8444644673877301,0.8391375649790562,0.5164000156947546
64291.54,2024-03-06,0.7133612399417322,0.8104156448409687,0.7182722012102161,0.8642130031980045,0.6865224628549471,0.8308312544980833,0.8584267595500581,0.5956819206723378,0.82613433006187,0.89323785492684,0.8497708837122062,0.8433896692423836,0.5043999808175224
66145.92,2024-03-07,0.7128550685065831,0.8258757696565768,0.7486045736651595,0.8670477672659458,0.7020920885305079,0.8577949178200759,0.8734780485307394,0.6223364763759353,0.8380295416821207,0.9007466080266509,0.8626687655143187,0.8517614630007245,0.5104285539899553
66944.88,2024-03-08,0.7201523087676761,0.819009813660329,0.6963089813340572,0.8660210082945317,0.707473477866414,0.8473444627192814,0.8672440034914314,0.5878111612175874,0.8296636642481028,0.9007466080266509,0.8502162952727256,0.8466491214550254,0.500971418108259
68315.25,2024-03-09,0.0,0.0,0.0,0.0,0.0,0.0,0.0,0.0,0.0,0.0,0.0,0.0,0.0
68508.0,2024-03-10,0.0,0.0,0.0,0.0,0.0,0.0,0.0,0.0,0.0,0.0,0.0,0.0,0.0
69075.67,2024-03-11,0.7286728612593527,0.8031760944029396,0.6880090041217194,0.8669808092169545,0.7192812858239811,0.8098967510972328,0.8636146044569041,0.5760318233063442,0.8267878844849698,0.8920365256479809,0.8470596545211292,0.8459210950691146,0.5079142979213169
72130.55,2024-03-12,0.7306974824043092,0.8191966108812198,0.6873492122665403,0.8722708395216715,0.7236177257937779,0.836960886762139,0.8865862823154056,0.6172594547504356,0.8380295416821207,0.8986441525640515,0.8592022242086882,0.8550209661813293,0.5072571236746651
71467.17,2024-03-13,0.7218396114804798,0.8246613382777226,0.6692541508707357,0.8732307093309761,0.7303575892654489,0.8299603917745413,0.8862020653167589,0.6103758839807318,0.833323729362026,0.8995451638814842,0.8525983330306149,0.8536807126218287,0.4842285592215402
73097.77,2024-03-14,0.7297273850825801,0.8348902144055794,0.6715951585121108,0.8706637085721182,0.7476512415357103,0.8236967963866008,0.907807340414757,0.5906048478015784,0.8309707730943022,0.8947396744665868,0.8504487355273889,0.8519931633612923,0.4642857142857143
71420.03,2024-03-15,0.7281245088712746,0.8146660121280644,0.6573520900602547,0.8658824078885949,0.7376198075407062,0.8107509196394344,0.8890201361485619,0.5898862355232141,0.8227473016765728,0.897743083813465,0.8403395432157242,0.8461429076448276,0.46734287806919644
69497.76,2024-03-16,0.0,0.0,0.0,0.0,0.0,0.0,0.0,0.0,0.0,0.0,0.0,0.0,0.0
65292.31,2024-03-17,0.0,0.0,0.0,0.0,0.0,0.0,0.0,0.0,0.0,0.0,0.0,0.0,0.0
68425.42,2024-03-18,0.7327643490978347,0.814946243594124,0.6582778747390845,0.867515715853186,0.771580222381209,0.8323217990878833,0.8909415480793368,0.5940365891155068,0.8292947214268742,0.8992449033532117,0.8483542209037154,0.8511716107629659,0.4965714372907366
67708.94,2024-03-19,0.7427191185847406,0.8215786496121731,0.6586875931313375,0.8746082403038958,0.7681841968810879,0.8310824865645127,0.8996733305473895,0.600369529568515,0.8334850760799883,0.9037501322398368,0.8504678483368888,0.8559017435528584,0.4894857352120536
62132.52,2024-03-20,0.7536438562020955,0.8320877572060895,0.6817915090561059,0.8837591736660331,0.7771184140617657,0.8466242573009647,0.907828722129964,0.6069105770216255,0.8442228504834038,0.9106581345504874,0.8605515766880707,0.8638182914641709,0.5018857247488839
67819.06,2024-03-21,0.722851825159498,0.8320877572060895,0.7202625315935715,0.8899346070609604,0.7711623225544109,0.8503757368611928,0.916667217011528,0.6140493491852005,0.845270401565925,0.9091564298770483,0.8646239109556761,0.8666729051453586,0.49377144949776786
65535.98,2024-03-22,0.7266902918760454,0.8354506773376985,0.7231852933991519,0.8827300725406418,0.7877245502282185,0.8534237563935898,0.9153221959662317,0.633215947524854,0.846972659548103,0.9067535990198689,0.865612909812469,0.8650297999487058,0.4880857195172991
63509.04,2024-03-23,0.0,0.0,0.0,0.0,0.0,0.0,0.0,0.0,0.0,0.0,0.0,0.0,0.0
64285.8,2024-03-24,0.0,0.0,0.0,0.0,0.0,0.0,0.0,0.0,0.0,0.0,0.0,0.0,0.0
67310.98,2024-03-25,0.7206585447984651,0.8393741316708738,0.7221753986958761,0.8791949355466779,0.7840672674066587,0.8424373463789655,0.902768905964328,0.6380042021113047,0.8450084386337802,0.9061522738991701,0.8624714643379905,0.862639912155696,0.4932285853794643
69938.95,2024-03-26,0.7158499161645486,0.8327884071406856,0.7114409081125472,0.8789712598418687,0.7872020355853411,0.8304963466883711,0.9001856416747545,0.6216112022137952,0.841734803920144,0.9121652953735413,0.8596790353848145,0.8610466536270229,0.5076285661969866
70082.05,2024-03-27,0.7310349300277419,0.8399345946029929,0.7046229905602294,0.8895094372272424,0.7882469050318048,0.827096571537486,0.8997159632027873,0.606091216562468,0.8448775573830605,0.9290015372557957,0.8626071534141295,0.8682826772940986,0.5138000052315849
69435.75,2024-03-28,0.723315815641718,0.8425035018242841,0.7081922097049183,0.8899569952975058,0.7885604298014603,0.8132295446861755,0.8982002153733747,0.6068031157117967,0.8433061806516022,0.9296028623764945,0.8610170507629098,0.8681167256060193,0.5022571236746651
70710.2,2024-03-29,0.0,0.0,0.0,0.0,0.0,0.0,0.0,0.0,0.0,0.0,0.0,0.0,0.0
69919.06,2024-03-30,0.0,0.0,0.0,0.0,0.0,0.0,0.0,0.0,0.0,0.0,0.0,0.0,0.0
69702.31,2024-03-31,0.0,0.0,0.0,0.0,0.0,0.0,0.0,0.0,0.0,0.0,0.0,0.0,0.0
71246.95,2024-04-01,0.7171997066582796,0.845259206266466,0.7214701053689356,0.8845200292741692,0.8123850355898166,0.8228929152250012,0.9064196867140626,0.6068501076150457,0.8447466761323408,0.9211847127187902,0.8628398904515491,0.8666064429213858,0.5006285749162946
69785.93,2024-04-02,0.7121801086640775,0.8439514119118899,0.7153254783049885,0.8762416860422502,0.8075260010574967,0.8329749717351124,0.8997374103055028,0.600732141026955,0.8370206236180929,0.9112633076924933,0.8553933736720456,0.8610963983590761,0.47608572823660716
65440.42,2024-04-03,0.7155968304469741,0.8519850465296839,0.7283895293605119,0.8754138034982413,0.8094069099164936,0.8486674509859348,0.8976238244878965,0.5974548529261043,0.8399015143642172,0.910962645132144,0.8573132019654142,0.8620423637554989,0.48108572823660717
66123.94,2024-04-04,0.7120958759494994,0.8407286075133107,0.703965783549704,0.8636895317841317,0.7864706109888873,0.8556679971826777,0.8921370932807078,0.576911550681562,0.8283780515950726,0.9019432852200489,0.8442043076236367,0.8515201806630809,0.48888571602957587
68542.18,2024-04-05,0.7153015637764705,0.8644091641676036,0.7156833356870463,0.8700438644107774,0.7967632223856845,0.8831675642093549,0.9084478110583484,0.5910346930408937,0.8367587609013009,0.9112633076924933,0.8541523468986796,0.8604159760507657,0.4711428397042411
67978.61,2024-04-06,0.0,0.0,0.0,0.0,0.0,0.0,0.0,0.0,0.0,0.0,0.0,0.0,0.0
69000.65,2024-04-07,0.0,0.0,0.0,0.0,0.0,0.0,0.0,0.0,0.0,0.0,0.0,0.0,0.0
69401.97,2024-04-08,0.7105351160954829,0.8649696270997227,0.7139041419796907,0.8705810443141043,0.8090412775379122,0.8696187509864162,0.9064623193694603,0.5851584503433432,0.8385920003495512,0.9124659579338906,0.8544044341718041,0.8608971136230841,0.4942285592215402
71624.18,2024-04-09,0.7156811277571923,0.8672115500976464,0.7128248257342866,0.8699990879376865,0.8181844046721664,0.8656830209217011,0.9100703366887805,0.5732111817156913,0.8402943585470818,0.9220866429666842,0.8575652892385386,0.8618930276234128,0.5053714425223215
69158.64,2024-04-10,0.7077089276535937,0.8685193444522223,0.7065679425596642,0.8603111813328674,0.8157810610899378,0.8705900860528718,0.9036229322099585,0.5845271599877011,0.8340088015135725,0.9112633076924933,0.8500800719876254,0.8532628262918034,0.49074284144810265
70527.89,2024-04-11,0.738332234884475,0.8829985878671749,0.7386752416768207,0.8603783460425037,0.8328658034066229,0.8761669668034668,0.9135929579222883,0.6085491442041612,0.847234522264895,0.9091587272032019,0.8636543216911395,0.8597022206945424,0.49885716029575894
70106.66,2024-04-12,0.7447015587767679,0.8693601101198482,0.7181625709734747,0.8499295149426668,0.82408830865095,0.857309199077703,0.9007194652923433,0.5922300399713026,0.834139782979645,0.8902179622648099,0.8498860947781668,0.8478357575735335,0.48871429443359377
67252.11,2024-04-13,0.0,0.0,0.0,0.0,0.0,0.0,0.0,0.0,0.0,0.0,0.0,0.0,0.0
64404.83,2024-04-14,0.0,0.0,0.0,0.0,0.0,0.0,0.0,0.0,0.0,0.0,0.0,0.0,0.0
65752.66,2024-04-15,0.7284197109461382,0.8576365711470776,0.700327142862887,0.8442017773917663,0.8090934650664835,0.8377648191328838,0.8830851081846132,0.5775562672952752,0.8194736168552603,0.874584255757645,0.8359045997765819,0.8372139830810826,0.4613714163643973
63430.57,2024-04-16,0.7144579447178886,0.8562354138167797,0.7101425775693417,0.8457007559370847,0.8066900415646092,0.8369776833617698,0.8850918508136919,0.5870522701650097,0.817116551758073,0.8691726168371264,0.8359821787890551,0.835687084840456,0.4488857160295759
63720.5,2024-04-17,0.7086369732136738,0.8467071163540718,0.6853340591686532,0.8445149371558756,0.8122805006933829,0.8276157810608302,0.8792422189355554,0.5643532335758943,0.8088667738102409,0.8673687563413381,0.8257820522408879,0.830741306598394,0.4441428484235491
61328.9,2024-04-18,0.7045875371368409,0.8370854559156421,0.672702784960865,0.8453875961729754,0.8151018240220552,0.8403941526939954,0.8630809116143319,0.5686243722455673,0.8054621576305323,0.8658654435395915,0.8210699137074459,0.8290317901457316,0.4283714076450893
63461.59,2024-04-19,0.6959827519305861,0.81564689352872,0.6436998842728122,0.8502184265244254,0.8050704699466967,0.8056764006034076,0.8520861328722554,0.5117357794404017,0.7880460321184193,0.8631596527959091,0.8040825435944191,0.821795715510693,0.4201428658621652
63988.82,2024-04-20,0.0,0.0,0.0,0.0,0.0,0.0,0.0,0.0,0.0,0.0,0.0,0.0,0.0
64894.42,2024-04-21,0.0,0.0,0.0,0.0,0.0,0.0,0.0,0.0,0.0,0.0,0.0,0.0,0.0
64936.42,2024-04-22,0.6995258873809899,0.8277907084311329,0.6542526972033376,0.8559716522215468,0.8165124057667459,0.8067817500028934,0.8560143528196172,0.5340184482935328,0.7965576727830435,0.8691726168371264,0.8121690427094129,0.8293637444898535,0.4058571515764509
66841.67,2024-04-23,0.7039970037958336,0.8385800474911088,0.6674664230730947,0.8619038460372683,0.8268572846117599,0.8308480510977141,0.8701261540813476,0.5535275187045199,0.8091286866347094,0.8773502364465511,0.8242888788378462,0.8392055052739609,0.4133714076450893
66406.95,2024-04-24,0.7129394304124412,0.8248014540107523,0.6715432975019159,0.8606055349782785,0.8314028742940698,0.8264936350617137,0.8733071255840984,0.535086245772266,0.8112238890151046,0.8781920341823753,0.8270813671475734,0.8388071906417927,0.46322858537946426
64279.52,2024-04-25,0.7166091733172723,0.8111629762634256,0.6916336948532624,0.8527257023568682,0.8150495565738384,0.7392051890022011,0.851915340700631,0.5549311263708107,0.8052002448060638,0.8739829880701002,0.8230866712489924,0.8356206735844464,0.4862285505022321
64486.18,2024-04-26,0.7141204970944558,0.8389537132023374,0.7181625709734747,0.8558372539153926,0.8983832095857541,0.742404019467259,0.8674575590934701,0.5892012401352875,0.8222235261353121,0.8727803952618568,0.8357882609361478,0.843537272463722,0.4808285522460938
63802.33,2024-04-27,0.0,0.0,0.0,0.0,0.0,0.0,0.0,0.0,0.0,0.0,0.0,0.0,0.0
63517.25,2024-04-28,0.0,0.0,0.0,0.0,0.0,0.0,0.0,0.0,0.0,0.0,0.0,0.0,0.0
63030.43,2024-04-29,0.7318363681333947,0.8452125247786051,0.7152506408978716,0.8591728256131346,0.8680799976471656,0.7245342809892911,0.8587684092808152,0.5893490314645895,0.823532990042302,0.8748849757511482,0.8391818530403019,0.8465246067210025,0.5544285801478794
63797.68,2024-04-30,0.7184650706505123,0.8173750350823854,0.6947594695373596,0.8464800043426289,0.8504729005268942,0.7204311994380104,0.8311852774009459,0.5802492569437327,0.8088667738102409,0.8706758722057192,0.8233580494012704,0.8331146298033737,0.5236571393694196
60749.47,2024-05-01,0.7141204970944558,0.8360578930271256,0.6640842153876377,0.8481813036594364,0.8561155471842391,0.735537436394401,0.843162176517371,0.5576778210515527,0.8040217122574701,0.8817998126071057,0.8174047653813599,0.8304094032222353,0.5142571585518974
58297.57,2024-05-02,0.7298539279413674,0.8627743855896599,0.6617919505311609,0.8556582169099108,0.8705356086776112,0.7397076531350597,0.8493534581262646,0.5763205903453931,0.817378414474865,0.8848063233442911,0.8278375696103955,0.8381765130655354,0.5143142700195312
59135.17,2024-05-03,0.7735109558404182,0.8697337758310767,0.6829189116179248,0.8658215118851914,0.8737749916723729,0.7569241165475082,0.8681833604353657,0.5962796453828021,0.8336160074383844,0.8905186248251592,0.8444758638455685,0.8485660265498236,0.5176857212611607
62839.34,2024-05-04,0.0,0.0,0.0,0.0,0.0,0.0,0.0,0.0,0.0,0.0,0.0,0.0,0.0
63820.45,2024-05-05,0.0,0.0,0.0,0.0,0.0,0.0,0.0,0.0,0.0,0.0,0.0,0.0,0.0
64010.01,2024-05-06,0.7664668012968996,0.8813638092892313,0.7001240479258098,0.869582391190415,0.8782682339868203,0.7799018136333288,0.8828716179700827,0.6187838987393666,0.8438300063005393,0.892021822760598,0.8537256920083527,0.8573290503934522,0.5278856985909599
63172.48,2024-05-07,0.769377287049007,0.881644040755291,0.696276896436927,0.8702315122764689,0.8947258468445486,0.7841891968982416,0.8739049635722923,0.6081328277134365,0.8421275478876558,0.8959302637456777,0.853861440441043,0.858275015789875,0.508028564453125
62363.06,2024-05-08,0.7708114394485961,0.8780943234027911,0.7081708744792051,0.8741267210009651,0.8849558300102744,0.7914912113328706,0.8764668461466585,0.6071792046735676,0.84068715262227,0.881198487486407,0.8533572658947941,0.8583579916339146,0.4992000034877232
61215.5,2024-05-09,0.7785305538346201,0.8851003951320687,0.6976447305808211,0.882006415848612,0.8879860632925232,0.7962140259595545,0.8802669719653019,0.5959975914727887,0.8426513735365928,0.8875121715211275,0.8552188654113944,0.8633037189080134,0.49134286063058036
63148.6,2024-05-10,0.7731662735053038,0.8756655319145297,0.7121408676330594,0.8846479522134458,0.8811416649244184,0.7975203712540126,0.8854334351569407,0.6035929589013016,0.8425203920705203,0.8866101838400795,0.857235622952941,0.8644158398643681,0.48134286063058035
60888.22,2024-05-11,0.0,0.0,0.0,0.0,0.0,0.0,0.0,0.0,0.0,0.0,0.0,0.0,0.0
60776.97,2024-05-12,0.0,0.0,0.0,0.0,0.0,0.0,0.0,0.0,0.0,0.0,0.0,0.0,0.0
61507.05,2024-05-13,0.7868091956544446,0.8714152358968812,0.7146575216230461,0.8830362058428199,0.8837018907709432,0.7838040529170727,0.8832558349687294,0.6070919339961053,0.8457941269995093,0.8863095787128841,0.8592135613099754,0.8645318429485415,0.4911142839704241
62878.78,2024-05-14,0.7916665294009317,0.8737505931399737,0.7373768290750548,0.8855435505621445,0.8899714271283081,0.7902351534190144,0.8893190224489047,0.6135188070103516,0.8511629640935406,0.8929238678747999,0.8647402497961103,0.8684984756501575,0.5072857230050223
61569.11,2024-05-15,0.8013390805366167,0.8687062129425603,0.7673734999592579,0.8938262336676092,0.9013089878912146,0.8064635363745216,0.9048677795925717,0.6355059444501383,0.8642579038094962,0.9013419600993502,0.8782563894359584,0.8792531236225908,0.49711430140904017
66220.52,2024-05-16,0.8018458979281659,0.8576833239043855,0.7545283811429756,0.8936695160117912,0.910034135279025,0.7925462733517543,0.9003978241391195,0.6336860202931229,0.8620317199630285,0.8996583071945479,0.8764723689318313,0.8774439648019323,0.4995428466796875
65260.88,2024-05-17,0.8019726345738732,0.8626809513444911,0.7455304958741366,0.8966603777536153,0.9198565794008072,0.7903356257619281,0.8987295272528922,0.6210604694065799,0.8611151503465798,0.8989367170497095,0.8760457140415044,0.8787054218903732,0.5070285906110491
67053.12,2024-05-18,0.0,0.0,0.0,0.0,0.0,0.0,0.0,0.0,0.0,0.0,0.0,0.0,0.0
66912.62,2024-05-19,0.0,0.0,0.0,0.0,0.0,0.0,0.0,0.0,0.0,0.0,0.0,0.0,0.0
66252.71,2024-05-20,0.8069144594174985,0.857262905435849,0.7555436096526797,0.8925126986077685,0.9243498217152546,0.7851940739548137,0.909701420367071,0.6365133750128112,0.8676626202045575,0.9001393672911068,0.8821541560863614,0.8797177475748423,0.49985713413783484
71430.3,2024-05-21,0.8124476573454512,0.8554413296370149,0.747619624764256,0.8940372341861896,0.9292087763279289,0.7781433940049044,0.9176148781690137,0.6405830685661577,0.8693648781867355,0.8992373796100588,0.8838800071702714,0.8818752214557999,0.5331428745814731
70189.84,2024-05-22,0.8063231509288109,0.855347966661293,0.7439008128638938,0.8892843148979178,0.9215284983865821,0.7834188577267585,0.9207802220572859,0.6376550169109357,0.8683172268888615,0.8983354493621647,0.883705439553069,0.8793360994666304,0.5146000017438616
69181.2,2024-05-23,0.789343476399111,0.8456328719776944,0.7444618472415891,0.8758327046257265,0.9067427245949832,0.7800693187473301,0.9132517659040893,0.6970821973967408,0.865174473425945,0.8900676597012122,0.8797302126032953,0.8729132186839582,0.49640001569475445
67906.47,2024-05-24,0.8024372064168533,0.8442316433779495,0.7522361573157791,0.8757879970395174,0.9142662801113248,0.8009033498052671,0.920010284147302,0.7150130675412525,0.8730313570832362,0.8887147068962171,0.8880492706860549,0.87868880633438,0.5121143014090401
68539.92,2024-05-25,0.0,0.0,0.0,0.0,0.0,0.0,0.0,0.0,0.0,0.0,0.0,0.0,0.0
69268.45,2024-05-26,0.0,0.0,0.0,0.0,0.0,0.0,0.0,0.0,0.0,0.0,0.0,0.0,0.0
68508.83,2024-05-27,0.0,0.0,0.0,0.0,0.0,0.0,0.0,0.0,0.0,0.0,0.0,0.0,0.0
69367.24,2024-05-28,0.8024795165610625,0.8507706151508299,0.7546993911829225,0.8712143903042541,0.9216329533633703,0.8037504758609819,0.9203524569781254,0.7649241057702163,0.8778764687436833,0.8766888362469364,0.8914040436056968,0.879302868354644,0.505
68316.64,2024-05-29,0.8037466246355757,0.8501634707308496,0.7430619282005649,0.8622018506874085,0.9190205399882742,0.7944387073132089,0.9178929058542155,0.771129394281029,0.8732933200153811,0.8724797327015075,0.8851210933001886,0.873145530660084,0.5034000069754464
67577.27,2024-05-30,0.8079704043448062,0.8375525558720395,0.7288544731639377,0.8552518531948908,0.8992191690786415,0.7821962393847283,0.8868808530402019,0.7420839909808343,0.8626864268626853,0.8854076484649899,0.8756384687434337,0.8673532255177427,0.5108285522460938
68372.49,2024-05-31,0.8120252664554002,0.8241008753456034,0.709869979031576,0.8688155424235727,0.9012567204429978,0.7818277895848997,0.887864673489766,0.736261555806088,0.8629483897948301,0.8974335191142705,0.8740095469077017,0.8752532598089884,0.5088000052315849
67474.95,2024-06-01,0.0,0.0,0.0,0.0,0.0,0.0,0.0,0.0,0.0,0.0,0.0,0.0,0.0
67704.33,2024-06-02,0.0,0.0,0.0,0.0,0.0,0.0,0.0,0.0,0.0,0.0,0.0,0.0,0.0
67740.02,2024-06-03,0.8195435529966208,0.8329752043615762,0.7063168433647324,0.8659233955831935,0.9047572808395526,0.7996807826723821,0.8844212365287838,0.772304653069591,0.8688410525377985,0.9031458780282923,0.8787023945619903,0.8759669132292852,0.5036856951032366
68808.29,2024-06-04,0.8208952167639121,0.8376459188477613,0.7110828866133685,0.8687706970636002,0.9079965839146689,0.798843359520666,0.8898751432068165,0.7819550579071437,0.8705434107353291,0.8989367170497095,0.8811069878093515,0.8769461097376944,0.4993428693498884
70600.01,2024-06-05,0.8273153774248961,0.8467071163540718,0.7550414112628164,0.8710573971009093,0.916460553900686,0.8291062744414849,0.9068568675944151,0.8222693963308394,0.8846858013184532,0.904348413403382,0.8988699106209052,0.8873687523980426,0.5
71184.6,2024-06-06,0.8214442797040307,0.864082179944236,0.7487257741589223,0.8728509359522839,0.9233570598777165,0.8269291176326299,0.907947596620015,0.8125853746028493,0.8859953153331194,0.9027248930106494,0.8985596539275637,0.8873521368420494,0.5084000069754464
70759.59,2024-06-07,0.8316237128269048,0.8608126940577959,0.751595033783099,0.870967775267846,0.9114971443112238,0.8255892815572005,0.9065146947635917,0.811846674182638,0.883638250235932,0.9072346591164279,0.8977645729236782,0.8862734508695338,0.5070857020786831
69325.36,2024-06-08,0.0,0.0,0.0,0.0,0.0,0.0,0.0,0.0,0.0,0.0,0.0,0.0,0.0
69315.1,2024-06-09,0.0,0.0,0.0,0.0,0.0,0.0,0.0,0.0,0.0,0.0,0.0,0.0,0.0
69654.16,2024-06-10,0.8156999186288724,0.8737038403826656,0.7696709755343223,0.8727614518929839,0.9154200800347299,0.8417339887694248,0.9151124982271811,0.8179042226094086,0.8884832616810263,0.9127665630610861,0.9013908427087007,0.889011755658769,0.49654283796037946
69493.18,2024-06-11,0.8749598295863664,0.8744978532929834,0.7806566473711433,0.8698019336823234,0.9238414528496468,0.8498900181188198,0.9253999149046966,0.8120610843496977,0.8958164199047333,0.9115639702528426,0.9075768044094795,0.8911528178555861,0.48760001046316964
67329.15,2024-06-12,0.8999648018357563,0.8729098274723479,0.7990799430086886,0.8691742364164713,0.9299612997108188,0.8521844438702193,0.9433227616989531,0.8408737316798197,0.9095658660896401,0.9145704235568743,0.9194640222135957,0.8984719193026277,0.5065428379603795
68224.52,2024-06-13,0.9049066266793817,0.8586174525477331,0.8971169463318142,0.8673583093285513,0.9162047311151476,0.8442461045971371,0.9444349378272685,0.8704923644562877,0.9112682242871707,0.9169756091733612,0.9244477169689695,0.9002808742514334,0.5213428606305803
66700.32,2024-06-14,0.8975149475925882,0.8578234396374153,0.9270655308996022,0.8664166256560099,0.9247306388264983,0.8451849218563808,0.9465523161203552,0.8857383417033925,0.913363426667566,0.914269760996525,0.9292375532279873,0.9008286779195774,0.5085999843052456
66011.08,2024-06-15,0.0,0.0,0.0,0.0,0.0,0.0,0.0,0.0,0.0,0.0,0.0,0.0,0.0
66190.49,2024-06-16,0.0,0.0,0.0,0.0,0.0,0.0,0.0,0.0,0.0,0.0,0.0,0.0,0.0
66615.54,2024-06-17,0.915170421708114,0.8596916969241104,0.9772006854515669,0.8711694760573998,0.9270845121481058,0.8493256933385404,0.9589571110909573,0.8796936558368351,0.9214822732570019,0.9106620974381023,0.9406205371293036,0.9079982393626802,0.5355428641183035
66460.39,2024-06-18,0.9051177252309472,0.853853303816379,0.9631214058863395,0.872425077249749,0.9158385392990471,0.8373560165266251,0.9546154459287481,0.9105883980731783,0.9221368799413059,0.9094594471967049,0.9409113842303889,0.9103052532475766,0.5281714303152902
65109.31,2024-06-19,0.0,0.0,0.0,0.0,0.0,0.0,0.0,0.0,0.0,0.0,0.0,0.0,0.0
64907.07,2024-06-20,0.8856460801007899,0.8692199943868183,0.9268090158396819,0.8789939236259409,0.9221676957120233,0.841060946973852,0.9532466892179465,0.8783504150866045,0.9148038219329517,0.9148710861172236,0.9336589040168952,0.9078322876746009,0.5187714494977679
64844.67,2024-06-21,0.8763959844507959,0.8831387036002047,0.8862381967992402,0.8793174164223019,0.9395858627901162,0.8294600784257817,0.9619727829727789,0.850075023060367,0.9134268629858704,0.9485436273148865,0.9311573221648046,0.9066152746500438,0.5228856985909599
64071.62,2024-06-22,0.0,0.0,0.0,0.0,0.0,0.0,0.0,0.0,0.0,0.0,0.0,0.0,0.0
64239.9,2024-06-23,0.0,0.0,0.0,0.0,0.0,0.0,0.0,0.0,0.0,0.0,0.0,0.0,0.0
63221.36,2024-06-24,0.8791413637470278,0.8667445214106961,0.8534499757475924,0.8852494035773784,0.9374412191006674,0.8363837084864103,0.9574600640889123,0.7932556113559497,0.9043778174920086,0.9518507431792673,0.9205564201826519,0.9036681031477406,0.5216571480887277
60363.23,2024-06-25,0.8830695538075546,0.8703409202510568,0.8473287353733693,0.8785984440382261,0.9626007227293388,0.8559810898965279,0.9644751629146116,0.8468511837655017,0.9157874356204047,0.9485405259245792,0.9310835419716109,0.9071480937370159,0.5352857317243302
61770.41,2024-06-26,0.9007250279230803,0.9042970345210674,0.8533374734612358,0.8790927763011491,0.961816151568567,0.8602056907494059,0.967063069717273,0.8489332786717229,0.9198529720516417,0.9476377341793772,0.9330063380925416,0.9082802960708592,0.56105712890625
60749.9,2024-06-27,0.9043153181906942,0.9241008895994928,0.8504751888146961,0.8798118175721067,0.9698191450388122,0.8710018075804079,0.9685388003916188,0.8327471046428205,0.9232626992143417,0.946434050141211,0.9354147301591825,0.9097121900281383,0.564057137625558
61562.65,2024-06-28,0.8896163865186059,0.9026155744552627,0.8605897269739371,0.878845541282806,0.952767089857174,0.8452854966175849,0.9559201228814365,0.8297248129548017,0.9170988537267735,0.9449293015106183,0.9305590674848374,0.9061323022310511,0.5653714425223214
60317.1,2024-06-29,0.0,0.0,0.0,0.0,0.0,0.0,0.0,0.0,0.0,0.0,0.0,0.0,0.0
60864.44,2024-06-30,0.0,0.0,0.0,0.0,0.0,0.0,0.0,0.0,0.0,0.0,0.0,0.0,0.0
62734.39,2024-07-01,0.915508321501027,0.9210648824218043,0.8794950345954787,0.8795870396771905,0.9571609121325054,0.8460566551353914,0.9768371944547992,0.8348291483037819,0.9223447265829541,0.9389107090203247,0.9360169023715317,0.9079972200034169,0.5996000017438616
62819.82,2024-07-02,0.9303761061761119,0.9341428972370119,0.8884358071062549,0.883699035418328,0.9689298791423151,0.8541369973681572,0.9822910357453238,0.8238816746950907,0.9302134356518723,0.9316882601924034,0.9458447446303097,0.9141077691077873,0.6607428414481028
62042.57,2024-07-03,0.9357825674583573,0.9228864582206388,0.9268895973460292,0.8826653877587461,0.9719637088086152,0.8549081558859638,0.9854777613488032,0.8615598032182024,0.9392624811457341,0.9241649190715173,0.9537303811759008,0.918187142943934,0.703971426827567
60244.68,2024-07-04,0.0,0.0,0.0,0.0,0.0,0.0,0.0,0.0,0.0,0.0,0.0,0.0,0.0
57189.17,2024-07-05,0.9560145032714786,0.9341428972370119,0.9130013501094948,0.8846201908001293,0.996966330172991,0.9051169304500946,1.0,0.8451050015373578,0.9488360537960022,0.9310864181733202,0.9636747403447666,0.92348179689389,0.7186285836356026
56739.86,2024-07-06,0.0,0.0,0.0,0.0,0.0,0.0,0.0,0.0,0.0,0.0,0.0,0.0,0.0
58230.48,2024-07-07,0.0,0.0,0.0,0.0,0.0,0.0,0.0,0.0,0.0,0.0,0.0,0.0,0.0
55880.38,2024-07-08,0.9622658109294661,0.9308266585932637,0.9358088705139713,0.8840810131772338,0.988754107070587,0.8873637439866381,0.9971768289425512,0.8610224454237984,0.9517212538022958,0.9313873678994388,0.9659666155013195,0.9245474350678342,0.7226857212611607
56665.14,2024-07-09,0.9658982175543688,0.9310602085714625,0.9290818738466157,0.8829125538902075,0.9884926099902114,0.8885036595591446,0.9828471565032355,0.8823802398278159,0.9514589902240925,0.9319892099185221,0.9668017621772934,0.9254465099381411,0.7495142473493304
57988.3,2024-07-10,0.9840605090614442,0.9331620158363563,0.9351816969365652,0.8926193355006065,1.0,0.8963661068790166,0.9971982106577584,0.9060885518089576,0.963524317405673,0.9404153427846098,0.9768821665616056,0.9346041277526267,0.7521714564732143
57704.2,2024-07-11,0.9612098660021584,0.9110228747842852,0.9144165320427601,0.8934507312755811,0.9706560635674467,0.8595015650026869,0.9724955292925902,0.8556495336681357,0.9466065628428931,0.9536563841028247,0.9554589626611679,0.9265453792240719,0.6886571393694196
57388.19,2024-07-12,0.9737544684841426,0.9084072860751333,0.9115863322933505,0.8994950040477931,0.9680406931654637,0.8363166245061774,0.970035912781172,0.8680074818079327,0.9496229447459646,0.9599759837523905,0.9610721336424622,0.9323895697529195,0.70922855922154
57899.29,2024-07-13,0.0,0.0,0.0,0.0,0.0,0.0,0.0,0.0,0.0,0.0,0.0,0.0,0.0
59152.72,2024-07-14,0.0,0.0,0.0,0.0,0.0,0.0,0.0,0.0,0.0,0.0,0.0,0.0,0.0
60942.33,2024-07-15,0.990058343428017,0.9001401014791405,0.9188385858060518,0.9040787371546632,0.9756774148999631,0.8317735539792015,0.9709128246547001,0.8626344163164907,0.9529015902272393,0.9596750340262721,0.9636553307525105,0.9349537679799683,0.7218285696847099
64835.49,2024-07-16,0.9918323980853595,0.9015413300788853,0.9079039543938215,0.9204813925510685,0.9620253812007256,0.8210947572998892,0.9614167276023755,0.8486645997745209,0.9569670264431236,0.9687029514782892,0.9640243504315815,0.940498164949454,0.7330285644531248
65162.24,2024-07-17,0.9667429993344712,0.8777673391794236,0.8360777682106614,0.9255819839311704,0.9468564726281605,0.7744901847943456,0.9485841021651046,0.7924496259096033,0.931787217551797,0.9605778257714738,0.9357255210614852,0.9273113257745804,0.71
64136.31,2024-07-18,0.9468910796715517,0.8582437868365047,0.8604128907761993,0.9138753472587705,0.9294383055500677,0.7977254126714572,0.9418470310246073,0.8132699600286974,0.9232626992143417,0.9413181345298115,0.9312971661995306,0.9201849851642452,0.7120857020786829
63959.57,2024-07-19,0.9474402072073104,0.855347966661293,0.8434211887840062,0.9058365926013284,0.9292814232857716,0.7993012716971868,0.9348746302418142,0.7920466844316901,0.9155250718268487,0.946434050141211,0.9230425099748685,0.9140744360598747,0.6834285627092634
66689.55,2024-07-20,0.0,0.0,0.0,0.0,0.0,0.0,0.0,0.0,0.0,0.0,0.0,0.0,0.0
67206.06,2024-07-21,0.0,0.0,0.0,0.0,0.0,0.0,0.0,0.0,0.0,0.0,0.0,0.0,0.0
68088.14,2024-07-22,0.9459619359855918,0.852638943706972,0.8633073423784297,0.9085340651140849,0.9502563342712703,0.8170880513599049,0.947343635745546,0.8297248129548017,0.929164180908354,0.9575685008097501,0.9367938202707371,0.9234985143858094,0.7185999843052456
67607.71,2024-07-23,0.9503968788420276,0.8706679044744241,0.8778334308052267,0.9070504483433807,0.9508840231677463,0.8192506647715186,0.9514287203252688,0.8233443681459464,0.9290330992269288,0.9650917844974823,0.9334919340382517,0.9220499029366109,0.70394287109375
65942.42,2024-07-24,0.9230688535908168,0.844605309089178,0.8112066391283608,0.8962150240635655,0.9029710767605819,0.7732831340324611,0.9173154033810964,0.7673308906426156,0.897427081054478,0.9647909496376715,0.9000073008558027,0.901153955460524,0.6171143014090402
65403.54,2024-07-25,0.9186339753300208,0.8400280288481617,0.8000574245805925,0.8980583681303934,0.8749869730977685,0.7601065088769517,0.894858390600258,0.7540998770113766,0.888115771982413,0.9684021166184784,0.8900822919226418,0.896458582821513,0.6292857142857143
65749.96,2024-07-26,0.9206191285389287,0.8524053937287733,0.8127610744386845,0.9126255325644822,0.8735223656726581,0.7807097403174006,0.9095516829731124,0.7593385261863278,0.8976893446326811,0.9783328832488511,0.8992109733643412,0.9064986599503123,0.6280000087193081
67920.3,2024-07-27,0.0,0.0,0.0,0.0,0.0,0.0,0.0,0.0,0.0,0.0,0.0,0.0,0.0
68055.41,2024-07-28,0.0,0.0,0.0,0.0,0.0,0.0,0.0,0.0,0.0,0.0,0.0,0.0,0.0
68242.25,2024-07-29,0.9218018101119436,0.8556748796152135,0.8052032348469226,0.9115914026967284,0.8867560200272238,0.780726485707886,0.9126743288184784,0.7494656656759251,0.8980828903230151,0.9792357324272067,0.901017252575184,0.9070314790372844,0.6631428745814731
66770.32,2024-07-30,0.9241671086623335,0.8487155606432439,0.769290223813903,0.915862664908306,0.8907313031185924,0.7765018848550079,0.9045256721492566,0.6966760274674594,0.8854928355543227,0.9723142333254038,0.88864503239087,0.9024360036060852,0.63605712890625
66219.05,2024-07-31,0.9380211939586799,0.8733301746714371,0.8612704847913074,0.9182905141661739,0.8972696092440816,0.796015436894407,0.894751482024222,0.7859348672747771,0.9097547720296144,0.9720132835992853,0.9149433085579088,0.9171047872780701,0.6630571637834821
64679.78,2024-08-01,0.9223086275034929,0.8597384496814185,0.788050780134837,0.9064660120392225,0.8931897113366337,0.8344222445972047,0.8920993646884308,0.733481039253869,0.888246953879191,0.9768282494845663,0.8927820652993291,0.9041177425188204,0.6196000017438617
65357.53,2024-08-02,0.9286442970673386,0.7842129337226926,0.7708982433641909,0.8927531827117073,0.8717439937189552,0.818328644111906,0.8736632259541851,0.7204514707389568,0.8677881900415804,0.9693048509305263,0.8715918952190672,0.8872844513869605,0.5933428519112723
61407.3,2024-08-03,0.0,0.0,0.0,0.0,0.0,0.0,0.0,0.0,0.0,0.0,0.0,0.0,0.0
60738.74,2024-08-04,0.0,0.0,0.0,0.0,0.0,0.0,0.0,0.0,0.0,0.0,0.0,0.0,0.0
58006.21,2024-08-05,0.8839143355876566,0.7520784665209634,0.7615715494436881,0.8695535964738734,0.832984723839263,0.797524263149049,0.845132171366797,0.674646715178846,0.8378871356658323,0.946434050141211,0.8456044099543311,0.8614434901882593,0.5682285853794643
53956.26,2024-08-06,0.8752977293792793,0.756328762538612,0.7714342498809535,0.8766348923628696,0.8279632126674557,0.8283033150444993,0.854671031849536,0.7001684431690067,0.8454935811565473,0.9497442673958993,0.8536842017790346,0.8693856240170827,0.5732571411132813
55959.84,2024-08-07,0.8862374531851173,0.7602522168717873,0.730429012821568,0.8717116847030892,0.8313631542302108,0.8196362696349946,0.8521473355800044,0.6643037306549144,0.8359199583986028,0.9377069675490046,0.8444390034272473,0.8635746646002215,0.5478856985909599
55099.95,2024-08-08,0.9009784366188549,0.7744044760633723,0.7811897818382906,0.8868858114516449,0.8475259435153519,0.8543549434901961,0.861258430983583,0.7050041508660448,0.8612309992943837,0.9551610178671096,0.8702712119539345,0.8835382041580887,0.5681142752511161
61859.03,2024-08-09,0.9133542506934826,0.7797290877268453,0.7946972773544058,0.8883020568520679,0.8561042785142107,0.8680010540890452,0.8683805037728265,0.7035265962898433,0.8659522447788052,0.946434050141211,0.874816083725977,0.8874342971986784,0.5714285714285714
60912.59,2024-08-10,0.0,0.0,0.0,0.0,0.0,0.0,0.0,0.0,0.0,0.0,0.0,0.0,0.0
60887.71,2024-08-11,0.0,0.0,0.0,0.0,0.0,0.0,0.0,0.0,0.0,0.0,0.0,0.0,0.0
58804.23,2024-08-12,0.9198663955458465,0.7790751905495573,0.7966269664615996,0.8851997361356884,0.8488858562047374,0.86494991079879,0.8700701169867526,0.7322049297939941,0.8681816355165616,0.946434050141211,0.8767000606623954,0.8879005521257514,0.5642571585518974
59350.07,2024-08-13,0.9356816690686556,0.7950957070278375,0.8370426127642583,0.8942367994824115,0.8586673015483313,0.8860560672544043,0.8854692675114776,0.7800245977247106,0.8874600629292286,0.964489999911553,0.8984534057008408,0.9025025677659844,0.5938000052315848
60601.22,2024-08-14,0.9375845920278258,0.7944885626078575,0.8452436273527112,0.8994071732736534,0.8388429937004138,0.8830721103626724,0.8915646910332344,0.7930541149943632,0.8885092174573942,0.963286201007079,0.8987448463674385,0.9053498420604756,0.5753714425223214
58739.19,2024-08-15,0.9502706589614404,0.8294721684969374,0.8904834143647941,0.9124232117929932,0.8437075426882795,0.9007918060451576,0.9021063997304465,0.8251577841549658,0.9089678810796521,0.9711105492872374,0.9214499143484965,0.9208677519988615,0.6118285696847098
57624.12,2024-08-16,0.9558948075505327,0.8269966955208151,0.888285721999219,0.9150936806481318,0.8523904925032175,0.8841784327359172,0.8966213032109647,0.8367096956031567,0.912377608242352,0.9696059155229527,0.9226346711112853,0.9229323622509246,0.6174857003348214
58881.93,2024-08-17,0.0,0.0,0.0,0.0,0.0,0.0,0.0,0.0,0.0,0.0,0.0,0.0,0.0
59430.79,2024-08-18,0.0,0.0,0.0,0.0,0.0,0.0,0.0,0.0,0.0,0.0,0.0,0.0,0.0
58438.29,2024-08-19,0.955218232817027,0.832414741429457,0.8989525142701887,0.9204258008375542,0.871796261167172,0.8872966600064053,0.9031777086660876,0.8731117146663934,0.9250987446924697,0.9771291992106848,0.9347543885266161,0.9317568534581354,0.6363428606305803
59574.95,2024-08-20,0.957839976058272,0.8354974300950065,0.8895185698111971,0.9191884546688497,0.874463899017372,0.8830217205637799,0.9101840455656776,0.8546420518602029,0.9206397627862514,0.9831477342678244,0.9327927138646219,0.930241779784964,0.6317143031529017
59060.13,2024-08-21,0.9573748228545318,0.841242388957569,0.8886073094975644,0.9201558331482573,0.8675071336275655,0.8971539083690184,0.9087699753116385,0.8630374090396639,0.9245741173207105,0.9903701830957459,0.9371433710010008,0.9334385923708706,0.6379142979213169
61144.69,2024-08-22,0.9494672183909472,0.8226529652579976,0.870168340674976,0.9167586765782949,0.8567842348589034,0.8917391557721771,0.8903648302563172,0.8310680537050322,0.9102793994013736,0.9858561669365834,0.9222850610244704,0.9261124573449115,0.6018857247488838
60387.54,2024-08-23,0.9592354356694929,0.8269032612756462,0.8917162621767724,0.9265453669714405,0.8663040232828305,0.8851507919852772,0.8930217208802126,0.868880496054115,0.92431195395786,0.9918748168600308,0.9322877083266558,0.9359527400580872,0.6294857352120535
64049.69,2024-08-24,0.0,0.0,0.0,0.0,0.0,0.0,0.0,0.0,0.0,0.0,0.0,0.0,0.0
64157.16,2024-08-25,0.0,0.0,0.0,0.0,0.0,0.0,0.0,0.0,0.0,0.0,0.0,0.0,0.0
64265.82,2024-08-26,0.9606732054249228,0.8197103923254779,0.8555887500667751,0.928547701961182,0.8691286233169722,0.8736170586265851,0.8859510426724764,0.8493362201496362,0.9169676718299955,0.9924767163122677,0.9232367839670832,0.9337215665023867,0.6091714477539063
62922.59,2024-08-27,0.9642675652178576,0.8085940690421344,0.8650761967071705,0.9289302308151411,0.861387206846748,0.870230597853456,0.8867009720049268,0.8616941682894332,0.9173611173049767,0.9939813500765527,0.9259947861205389,0.9350037165838743,0.5977428763253348
59526.56,2024-08-28,0.9577554203654938,0.7977580484942975,0.8478700756965603,0.9254429702039437,0.851815150974604,0.866341365692597,0.879758911025975,0.8436274469611561,0.9077875446547085,0.990069348235935,0.9154871332803873,0.9295757304422673,0.5878571428571429
59015.3,2024-08-29,0.9717100810733419,0.8039233545559493,0.8411699121784668,0.9312250595044883,0.8462182982741832,0.8687553647980757,0.8851582845221032,0.7897631444091422,0.9077875446547085,0.9918748168600308,0.9141469810664473,0.9296589101581596,0.5893714250837053
59351.58,2024-08-30,0.9683694529543817,0.8337225357840331,0.8727412868374212,0.9363996353955126,0.8545874036408833,0.8739355795098281,0.893771650212663,0.8017180998257661,0.9163120629921638,0.9945832495287897,0.9250430631779261,0.9385334519052028,0.6117428588867189
59156.25,2024-08-31,0.0,0.0,0.0,0.0,0.0,0.0,0.0,0.0,0.0,0.0,0.0,0.0,0.0
58960.24,2024-09-01,0.0,0.0,0.0,0.0,0.0,0.0,0.0,0.0,0.0,0.0,0.0,0.0,0.0
57357.72,2024-09-02,0.0,0.0,0.0,0.0,0.0,0.0,0.0,0.0,0.0,0.0,0.0,0.0,0.0
59108.73,2024-09-03,0.9420247025354629,0.8232134281901168,0.8189788156799794,0.9229906661030802,0.8230987435992355,0.8579257059769574,0.8772734664487869,0.7253543609716101,0.8853617538728975,0.9861571166627019,0.8969579173923005,0.9192193461340392,0.6017143031529018
57504.54,2024-09-04,0.9339056765421128,0.80957495044279,0.8261078172349071,0.9233731260701576,0.8183388094274492,0.8595685465646294,0.876116434489792,0.7133322742646305,0.8836567900761947,0.9816431005035398,0.8946271636946842,0.9173379147416066,0.6268857247488838
57987.85,2024-09-05,0.9403755112502674,0.8308733970966824,0.8191397325169929,0.9189634012264069,0.8224710547027596,0.8664754312347723,0.8750237438389438,0.7200485292610433,0.8874600629292286,0.9738188670896887,0.8954623697272092,0.9151067411859062,0.6576285661969866
56132.4,2024-09-06,0.9337788107051254,0.8005137529364794,0.7343418932173594,0.909986682788034,0.789413172419922,0.8386635908405684,0.8606896250490652,0.6906313928461617,0.8639850174038992,0.9608787754975924,0.8714753783089795,0.8997054459472518,0.602085702078683
53923.36,2024-09-07,0.0,0.0,0.0,0.0,0.0,0.0,0.0,0.0,0.0,0.0,0.0,0.0,0.0
54150.94,2024-09-08,0.0,0.0,0.0,0.0,0.0,0.0,0.0,0.0,0.0,0.0,0.0,0.0,0.0
54792.41,2024-09-09,0.9341593436204475,0.8192432923690806,0.7548178016856305,0.9202907825494648,0.7788855972650858,0.846241059267314,0.8693029253521166,0.7150785077380342,0.8740832174259265,0.9623834092618772,0.8826822513227608,0.9097787541880374,0.6179142979213169
57049.12,2024-09-10,0.9307764053572781,0.8386268002484168,0.7944293561545849,0.9185135010021663,0.7786237005864823,0.846241059267314,0.8874723484400928,0.7260259813467255,0.8809027719666792,0.9635871507331975,0.8908398002295912,0.9137414113885263,0.6461999947684152
57624.16,2024-09-11,0.9415595493317227,0.8618402569463123,0.8483525800319192,0.9207858036812047,0.7917177353201996,0.858043026128647,0.9064130825757264,0.7851961156093061,0.9000499172672155,0.9780319335227327,0.9101847532013956,0.9231154391746288,0.6518000139508928
57381.76,2024-09-12,0.9420247025354629,0.8734236089166061,0.8820678986993636,0.9268603177944734,0.8102065059706368,0.8811273918639525,0.9148978310375016,0.8002417751358,0.9088367993982268,0.9834487988602506,0.9191191606508802,0.9308911116357413,0.6565999930245535
58106.95,2024-09-13,0.9408829745982168,0.8710415701856529,0.8988452637317,0.9335423453172627,0.8247147188330964,0.8794845000671352,0.9225898213489037,0.7999730962385979,0.9151317265672203,0.9921758814524569,0.9232367839670832,0.9357529456424634,0.6579714093889509
60620.63,2024-09-14,0.0,0.0,0.0,0.0,0.0,0.0,0.0,0.0,0.0,0.0,0.0,0.0,0.0
60003.3,2024-09-15,0.0,0.0,0.0,0.0,0.0,0.0,0.0,0.0,0.0,0.0,0.0,0.0,0.0
59214.8,2024-09-16,0.9147497103047034,0.8635683984999778,0.8791734470971333,0.9390318720313198,0.8278572392174013,0.894855232258566,0.9241967847523653,0.7843900789177001,0.9109350082392053,0.9954860987071453,0.9191579798353924,0.9371348909958365,0.6479428536551339
58211.12,2024-09-17,0.9167371243610117,0.872863145984487,0.8708651819701916,0.9387619732289044,0.834456683871768,0.8999563800501051,0.9323601536109499,0.7763970482730348,0.912377608242352,0.990069348235935,0.9196435757811026,0.9375178642710907,0.65105712890625
60317.03,2024-09-18,0.9332290372129669,0.870761267450146,0.8665770477775301,0.9363546522617767,0.8370230635310033,0.902691562914378,0.9230611998960861,0.761485753817772,0.9101482175045956,0.985254382350654,0.9156619383237947,0.9347373580083513,0.6491428484235491
61440.41,2024-09-19,0.9678196794622232,0.8868285366857341,0.9003495612615978,0.9480986945109279,0.8492267134931853,0.9381816513331124,0.9399450391837914,0.7917114379419905,0.9313936718614632,1.0,0.9388137237094996,0.9506880878899712,0.6969142804827009
62966.53,2024-09-20,0.9649864500955724,0.8949089240608361,0.920139870457433,0.9490193676845575,0.8568212376548123,0.9419571991915919,0.9326172572935024,0.7791509685354104,0.929594104771744,0.9951851489810268,0.937026854090913,0.9490446768855394,0.6807142857142857
63128.22,2024-09-21,0.0,0.0,0.0,0.0,0.0,0.0,0.0,0.0,0.0,0.0,0.0,0.0,0.0
63403.4,2024-09-22,0.0,0.0,0.0,0.0,0.0,0.0,0.0,0.0,0.0,0.0,0.0,0.0,0.0
63582.6,2024-09-23,0.9576708646727156,0.9055581473877824,0.9300349840260703,0.9502378388476822,0.8477078406287183,0.9470919401823926,0.9288462943035514,0.7808973557445937,0.9307763452883903,0.9897682836435088,0.9395106289776309,0.9514162162118082,0.7142857142857143
63327.03,2024-09-24,0.9614766459954159,0.9059318130990108,0.9402527518543388,0.9525395562251974,0.8500123236093502,0.9452797509514915,0.9195473405886876,0.8118618940248028,0.9358991536913673,0.9945832495287897,0.9440424423084001,0.9541385170606081,0.7264857264927455
64334.14,2024-09-25,0.9572479570175444,0.8992526543236538,0.9439096916001328,0.9457474474654862,0.8458222964302771,0.9536362641044068,0.9258465769737497,0.8295942912780568,0.9364245827859488,0.9831409571556714,0.9449177140130135,0.952034151797273,0.7343428257533482
63151.9,2024-09-26,0.9621109751803526,0.8928537982838032,0.95773056875855,0.9513886630929989,0.8523168865096278,0.9528476432680817,0.9241325088317273,0.8331541969867787,0.9393143926984697,0.9864531271375903,0.9520169356112004,0.9558086352777407,0.7263428606305804
65130.77,2024-09-27,0.9632527031175988,0.8779542076697614,0.9286905365719003,0.9543898578670749,0.8587067818532534,0.9520421234138352,0.9170832777267065,0.8154217997335247,0.9385261989489213,0.9858509979527379,0.9467265455555596,0.9544224086154613,0.744171404157366
65791.0,2024-09-28,0.0,0.0,0.0,0.0,0.0,0.0,0.0,0.0,0.0,0.0,0.0,0.0,0.0
65934.11,2024-09-29,0.0,0.0,0.0,0.0,0.0,0.0,0.0,0.0,0.0,0.0,0.0,0.0,0.0
65663.69,2024-09-30,0.9852842088658679,0.8702942387631958,0.9276687433773613,0.9547734889111409,0.868658296202666,0.9605665001447683,0.9219684438577297,0.8156904786307265,0.9404965329997632,0.9885610387498044,0.9492939538229775,0.9582470445716876,0.7475142996651786
63243.28,2024-10-01,0.9565714468796784,0.8646893956336631,0.900618467164144,0.9511179376480035,0.8746291728444553,0.9673288726071119,0.9013779175007116,0.7858677872296813,0.9268356771867066,0.9762152080004843,0.9360679490055998,0.9496626124710043,0.7371999686104911
60872.67,2024-10-02,0.958981768591158,0.8629611828105508,0.9177736298087239,0.9520430884689421,0.8687106435705284,0.9611873598213662,0.8937502031099476,0.7982938915650303,0.9294628226596132,0.9759141434080582,0.9373905910369235,0.9500634245333679,0.7114857264927454
60655.56,2024-10-03,0.9542878618139063,0.8498832392647901,0.9243882883068438,0.9476880598092439,0.8687106435705284,0.9779004885454872,0.892486066412392,0.8251611663421133,0.9265730127470923,0.964471736168632,0.9366903618019224,0.9483265382844835,0.6876000104631695
60727.86,2024-10-04,0.9590663242839363,0.8711349331613746,0.9499327899360756,0.9554278454002024,0.8749957642587837,1.0,0.8914575862946736,0.8390649789894435,0.938920345931372,0.9680852004755925,0.9478352072196562,0.9569443034330796,0.7145142909458705
62103.01,2024-10-05,0.0,0.0,0.0,0.0,0.0,0.0,0.0,0.0,0.0,0.0,0.0,0.0,0.0
62091.93,2024-10-06,0.0,0.0,0.0,0.0,0.0,0.0,0.0,0.0,0.0,0.0,0.0,0.0,0.0
62811.8,2024-10-07,0.9374577261908384,0.8444651933561482,0.9415434509514239,0.9468530819164221,0.8536262899829995,0.9812733276859888,0.8774877413134166,0.8578720918315056,0.9298568694267111,0.9563416712105866,0.9376823284862774,0.9482931033006444,0.6880857195172991
62287.39,2024-10-08,0.9547107694690774,0.8534329566172898,0.9719279305922436,0.9495383614511214,0.8609589973856685,0.9948820556088301,0.888565039090941,0.8925980321820232,0.9416787735164094,0.9635684275250458,0.9516862602642318,0.9572616299717719,0.6985714285714286
62185.23,2024-10-09,0.9706529088288741,0.8648761928545539,1.0,0.9591285175708391,0.8477601879965807,0.9908883567917307,0.894457238236967,0.8909859587988112,0.9471956286864844,0.9656762242709522,0.9591745046992581,0.9638920523004696,0.6887142944335938
60597.15,2024-10-10,0.9685385643399382,0.8717888303386626,0.9986018041887449,0.9582484876573996,0.8489124694467195,0.9796791869954171,0.8909862077474912,0.9054943117761607,0.9456193414027404,0.9611595087535594,0.958085311983969,0.9622052165914176,0.6822000122070312
60195.18,2024-10-11,0.96223784101734,0.8819243434907975,0.9759612729547538,0.9674324867227424,0.8549881207438792,0.9899486689770185,0.8920146878652098,0.9054271804858051,0.9503481030386197,0.970192997221499,0.9595829371283539,0.9679671448277098,0.6222857230050223
62392.34,2024-10-12,0.0,0.0,0.0,0.0,0.0,0.0,0.0,0.0,0.0,0.0,0.0,0.0,0.0
63207.77,2024-10-13,0.0,0.0,0.0,0.0,0.0,0.0,0.0,0.0,0.0,0.0,0.0,0.0,0.0
62829.53,2024-10-14,0.9780954246843582,0.8759457633805894,0.9804248483496257,0.9723065780358862,0.8639968230342484,0.9907372898133437,0.8980568859552274,0.927391206313416,0.9578352922595366,0.975613078815632,0.9676352468698323,0.9758834888671697,0.6261714390345982
66049.99,2024-10-15,0.9888785686588029,0.8766464133151853,0.946383428963012,0.9647472760749246,0.8666156299809918,0.9837735629920111,0.897199786496708,0.8839333811622425,0.9483777689877778,0.9683862650680187,0.9547010388583599,0.9683011888583216,0.6273428780691964
66962.22,2024-10-16,0.9801251488848758,0.8729098274723479,0.9509008347735294,0.9719229469918201,0.8650443298290167,0.9678658517038461,0.8915861381359499,0.9116066413856718,0.9502167207111362,0.976064733137425,0.9548177338381014,0.9725098174490656,0.6323714338030134
67647.54,2024-10-17,0.9816897844772929,0.8758990818927285,0.9762301788573,0.9758266976896441,0.853364393304396,0.9681007992620967,0.8928717219362209,0.9197339346110485,0.9506108676935867,0.9686873296604449,0.9554790251754877,0.9725933029727369,0.6311142839704241
67328.11,2024-10-18,0.9937415222259707,0.8827183564011155,0.9674106068402867,0.9765919620582078,0.855930852883277,0.9673288726071119,0.8959570969018679,0.9269209798093676,0.9573098631649551,0.9792264282562847,0.9617419129666761,0.9763344534052919,0.6305714198521205
68465.62,2024-10-19,0.0,0.0,0.0,0.0,0.0,0.0,0.0,0.0,0.0,0.0,0.0,0.0,0.0
68388.87,2024-10-20,0.0,0.0,0.0,0.0,0.0,0.0,0.0,0.0,0.0,0.0,0.0,0.0,0.0
68962.83,2024-10-21,1.0,0.8830920221123438,0.967948418645379,0.9692105949126211,0.8593353498658308,0.9651306688395731,0.8972855095200615,0.9652740596494824,0.9567844340703738,0.9710963058650852,0.963589682406837,0.9747311032199112,0.6252857317243303
67394.86,2024-10-22,0.9973782567587549,0.8860345237754164,0.9646679635748615,0.9690751633032416,0.8649395551736462,0.9766251759930299,0.9159905870758581,0.9644679717126166,0.9617759603612203,0.9710662108924734,0.9646399372245115,0.9742133706500372,0.6227714320591518
67351.05,2024-10-23,0.975811904214226,0.8627277041017991,0.9331002815511267,0.959707442924463,0.8525787831882312,0.9458838140284586,0.909755561223926,0.9373992005739469,0.9457507237302238,0.9631167732032525,0.9498579597728781,0.9653116120106616,0.6104285539899554
66683.97,2024-10-24,0.9750085282393729,0.8705277887413945,0.921484317911603,0.9565923781349731,0.8522645391417653,0.9527469660885871,0.9100341120091939,0.9431085374602849,0.9523184370894615,0.9828397776969374,0.9575601845751318,0.9673992597820772,0.7442286028180803
68214.05,2024-10-25,0.9785605778880986,0.8773003104924734,0.9303576382857015,0.9506331806616336,0.8656204705540861,0.9619256932770893,0.9173618285119745,0.9506984728912575,0.9588861504486992,0.9840442657992576,0.9633951709884173,0.9670652157514654,0.7691142926897322
66585.67,2024-10-26,0.0,0.0,0.0,0.0,0.0,0.0,0.0,0.0,0.0,0.0,0.0,0.0,0.0
67018.17,2024-10-27,0.0,0.0,0.0,0.0,0.0,0.0,0.0,0.0,0.0,0.0,0.0,0.0,0.0
67938.55,2024-10-28,0.9869756456996324,0.8799158992016255,0.9250874272417516,0.9572470101715614,0.873214994715713,0.9701647326508793,0.9140193498637749,0.9438473916162755,0.9625640538954159,0.9867543065963241,0.9635507445092222,0.9700547925991255,0.7500285993303571
69845.3,2024-10-29,0.9881173736368786,0.8913124539510285,0.9639150762828687,0.9537030556567427,0.8887182870854328,0.9955365084846897,0.9255038156553519,0.9487506405657476,0.96900038492717,0.9861520625451641,0.9728089419457315,0.9716247078006671,0.7414856828962053
72781.11,2024-10-30,0.9730209849917845,0.9001867829670012,0.9499327899360756,0.9520100916526183,0.9137541550223742,0.9930529673600078,0.9267465052501919,0.9359214922619657,0.9646657702737412,0.9759141434080582,0.9654568614392539,0.9686852834287657,0.7358571079799107
72342.62,2024-10-31,0.9553027885098051,0.8706211517171164,0.9129874001542209,0.9428003977804095,0.8962081165113348,0.9524113413508419,0.8706527850730257,0.8917248129548017,0.9368186295530465,0.9587505899820729,0.9410860705606938,0.9496960474548434,0.7138571602957589
70265.0,2024-11-01,0.9426167215761904,0.9244744840412742,0.9084162459866184,0.9490079324621989,0.8971508486507326,0.95170649867609,0.8792660853760772,0.9094572102080558,0.944043154334349,0.9599550206512392,0.948049128230332,0.9537042700144055,0.7113714163643973
69507.92,2024-11-02,0.0,0.0,0.0,0.0,0.0,0.0,0.0,0.0,0.0,0.0,0.0,0.0,0.0
69299.16,2024-11-03,0.0,0.0,0.0,0.0,0.0,0.0,0.0,0.0,0.0,0.0,0.0,0.0,0.0
68803.51,2024-11-04,0.9388108756578502,0.9144324764037551,0.906426490013186,0.9436581083441854,0.8864138041048009,0.9408329536175216,0.8751736773954272,0.9138232038536436,0.9401024862326653,0.9548360610826863,0.9452872679010456,0.9516500572268289,0.6938285609654019
67793.3,2024-11-05,0.9449001774506827,0.9318075399939194,0.9351976162972896,0.9532515710342236,0.8890326110515443,0.9605497035451375,0.8816015310092737,0.9397501281131495,0.9540260064853363,0.9632673054994657,0.9573462042079046,0.9631571962074942,0.7184000069754465
69335.43,2024-11-06,0.9418132810056974,0.9672582458393968,0.9655821779966699,0.9869528934970232,0.924491199568306,0.9599120472689088,0.900285161462355,0.9780359741723891,0.9838434812568729,0.969289573711605,0.9833507841593985,0.9871066343570554,0.8243714250837053
75620.89,2024-11-07,0.9619417991991561,0.9810835920770612,0.9884915330746463,0.9873140674176623,0.9466987112477631,0.9928852062002804,0.9115339052865866,1.0,0.9977670015095439,0.9662182783768886,0.9988329314894814,0.994739086841662,0.8483142961774554
75987.24,2024-11-08,0.9607988439447498,0.9723493075246711,0.987577318652838,0.9934538174078803,0.9341284698712526,0.9889251005824427,0.9053417736400853,0.9916039766321615,0.9988178596987065,0.9668807123732723,1.0,0.9990480203839233,0.9177714320591518
76550.02,2024-11-09,0.0,0.0,0.0,0.0,0.0,0.0,0.0,0.0,0.0,0.0,0.0,0.0,0.0
76630.23,2024-11-10,0.0,0.0,0.0,0.0,0.0,0.0,0.0,0.0,0.0,0.0,0.0,0.0,0.0
80466.72,2024-11-11,0.9492417796072985,0.9660905672178506,0.9621403957963369,1.0,0.9446036976582264,0.9785716356026871,0.8956357172986772,0.9756850466331864,1.0,0.9781725298833315,0.999416525101292,0.9999999999999999,1.0
88637.42,2024-11-12,0.9492417796072985,0.975758980413588,0.9476741280600971,0.9918286380953273,0.95125540976081,0.9813404116662217,0.9063916354730109,0.9960369990775854,0.9984238129316088,0.964471736168632,0.9976075748456433,0.9968936045807558,0.9385428292410715
88264.6,2024-11-13,0.9530094495023907,1.0,0.9334767662264033,0.9927766593609832,0.936904398841229,0.9732523368525282,0.9110411450241971,0.9824690991083325,0.9965848612082504,0.9479104267938069,0.9963239300684856,0.9973779021667908,0.9435428292410715
90488.1,2024-11-14,0.9661328289188996,0.987762679582971,0.9162678552247383,0.9880138203617499,0.919620257008793,0.968486711380444,0.9146621744576645,0.9857602746745926,0.9893603364269479,0.9241223611045223,0.9893997509399111,0.9909646033611944,0.889085693359375
87407.51,2024-11-15,0.952268666702711,0.9533395366260106,0.8917451467900456,0.9820996749090279,0.8996125335742431,0.9437694908407835,0.8923575145711158,0.9599677154863175,0.9707080545383976,0.9087202825067919,0.9690356459832828,0.9800587844100009,0.9169428362165178
89371.05,2024-11-16,0.0,0.0,0.0,0.0,0.0,0.0,0.0,0.0,0.0,0.0,0.0,0.0,0.0
