Date,AAPL,AMZN,AVGO,DIA,GOOGL,META,MSFT,NVDA,ONEQ,PINK,QQQ,SPY,TSLA
2023-11-15,187.0934295654297,143.1999969482422,96.0598373413086,344.14715576171875,134.28749084472656,331.71124267578125,367.6606140136719,48.87321472167969,55.30861282348633,24.333967208862305,382.99322509765625,443.6802978515625,242.83999633789062
2023-11-16,188.78515625,142.8300018310547,94.49888610839844,343.90155029296875,136.59176635742188,333.1867980957031,374.1253356933594,49.46503829956055,55.2788200378418,24.423471450805664,383.32098388671875,444.2229919433594,233.58999633789062
2023-11-17,188.76522827148438,145.17999267578125,96.28929901123047,344.0166931152344,134.9757843017578,334.0342712402344,367.83966064453125,49.2830924987793,55.37812042236328,24.52092933654785,383.4103698730469,444.7755126953125,234.3000030517578
2023-11-20,190.51666259765625,146.1300048828125,98.06002044677734,346.0743408203125,135.9134521484375,338.9494323730469,375.3883972167969,50.39375305175781,55.95404052734375,24.6800479888916,388.078369140625,448.19921875,235.60000610351562
2023-11-21,189.71060180664062,143.89999389648438,96.63103485107422,345.38519287109375,136.6316680908203,335.96844482421875,371.0421447753906,49.92889404296875,55.656150817871094,24.742700576782227,385.8238525390625,447.222412109375,241.1999969482422
2023-11-22,190.37733459472656,146.7100067138672,95.72499084472656,347.0982360839844,138.14791870117188,340.46490478515625,375.7961730957031,48.701263427734375,55.9639778137207,24.86302947998047,387.4029541015625,448.9490661621094,234.2100067138672
2023-11-24,189.0438690185547,146.74000549316406,96.40157318115234,348.3189392089844,136.3523712158203,337.2147216796875,375.37841796875,47.76155090332031,55.83489227294922,24.967453002929688,386.85675048828125,449.2253112792969,235.4499969482422
2023-11-27,188.86474609375,147.72999572753906,93.58201599121094,347.846435546875,136.07305908203125,333.6953125,376.552001953125,48.2274055480957,55.84482192993164,24.91275405883789,386.5190734863281,448.4162902832031,236.0800018310547
2023-11-28,189.4717559814453,147.02999877929688,93.19891357421875,348.62420654296875,136.86111450195312,337.9723815917969,380.61981201171875,47.80653381347656,55.98383331298828,24.685020446777344,387.5321044921875,448.86029052734375,246.72000122070312
2023-11-29,188.44679260253906,146.32000732421875,92.65528869628906,349.1558837890625,134.6565704345703,331.20281982421875,376.79071044921875,48.12543869018555,55.83489227294922,24.802370071411133,387.1546936035156,448.5445251464844,244.13999938964844
2023-11-30,189.0239715576172,146.08999633789062,91.16820526123047,354.4229736328125,132.20263671875,326.1679382324219,376.85040283203125,46.75585174560547,55.75545120239258,24.99927520751953,386.1813659667969,450.3106384277344,240.0800018310547
2023-12-01,190.30767822265625,147.02999877929688,91.58872985839844,357.42572021484375,131.5343017578125,323.844970703125,372.47430419921875,46.7508544921875,56.0235481262207,25.326459884643555,387.2838134765625,452.9746398925781,238.8300018310547
2023-12-04,188.50650024414062,144.83999633789062,90.99488067626953,357.0220947265625,128.95069885253906,319.0593566894531,367.133544921875,45.49623107910156,55.616432189941406,25.467676162719727,383.6884765625,450.5967712402344,235.5800018310547
2023-12-05,192.47705078125,146.8800048828125,89.92634582519531,356.3033752441406,130.6664581298828,317.3345642089844,370.4951171875,46.556007385253906,55.735595703125,25.254858016967773,384.6518859863281,450.50799560546875,238.72000122070312
2023-12-06,191.38241577148438,144.52000427246094,88.99272155761719,355.6240234375,129.6988525390625,316.4970703125,366.79534912109375,45.49323654174805,55.43770217895508,25.312536239624023,382.4270935058594,448.69256591796875,239.3699951171875
2023-12-07,193.32290649414062,146.8800048828125,90.82646942138672,356.2245788574219,136.59176635742188,325.609619140625,368.93365478515625,46.586002349853516,56.2022819519043,25.52834129333496,387.77044677734375,452.1162414550781,242.63999938964844
2023-12-08,194.75588989257812,147.4199981689453,92.99702453613281,357.49456787109375,134.6565704345703,331.7511291503906,372.19586181640625,47.49580764770508,56.48031997680664,25.521381378173828,389.4986267089844,454.0599670410156,243.83999633789062
2023-12-11,192.2382049560547,145.88999938964844,101.36212921142578,359.04034423828125,132.96075439453125,324.3035583496094,369.28173828125,46.61699676513672,56.59947967529297,25.62281608581543,392.8258056640625,455.8260803222656,239.74000549316406
2023-12-12,193.7607879638672,147.47999572753906,105.60082244873047,360.733642578125,132.1926727294922,333.21673583984375,372.34503173828125,47.64677810668945,56.947021484375,25.813756942749023,395.954345703125,457.9079284667969,237.00999450683594
2023-12-13,196.9949188232422,148.83999633789062,107.31539916992188,365.9811096191406,132.2425537109375,333.7351379394531,372.3350524902344,48.07768630981445,57.78111267089844,26.61232566833496,400.9898376464844,464.2225341796875,239.2899932861328
2023-12-14,197.14418029785156,147.4199981689453,108.96990203857422,367.54644775390625,131.61410522460938,332.16986083984375,363.9409484863281,48.339622497558594,57.91020202636719,26.711772918701172,400.6422119140625,465.71240234375,251.0500030517578
2023-12-15,196.60682678222656,149.97000122070312,111.2596206665039,367.67767333984375,132.27247619628906,333.9146423339844,368.7148742675781,48.87950897216797,58.131065368652344,26.435306549072266,402.5788879394531,464.9455871582031,253.5
2023-12-18,194.9350128173828,154.07000732421875,112.95943450927734,368.0230407714844,135.46456909179688,343.5854797363281,370.6243896484375,50.066253662109375,58.509124755859375,26.16480827331543,405.1145935058594,467.5609436035156,252.0800018310547
2023-12-19,195.97988891601562,153.7899932861328,112.74474334716797,370.5094909667969,136.3124542236328,349.30828857421875,371.23114013671875,49.59335708618164,58.867279052734375,26.53276824951172,407.1845703125,470.40411376953125,257.2200012207031
2023-12-20,193.88018798828125,152.1199951171875,109.8558349609375,365.8719482421875,137.99827575683594,348.23150634765625,368.60546875,48.10067367553711,57.96193313598633,26.018619537353516,401.1338806152344,463.8856201171875,247.13999938964844
2023-12-21,193.73089599609375,153.83999633789062,111.52882385253906,368.91107177734375,140.07315063476562,353.02703857421875,371.5096130371094,48.9794921875,58.698150634765625,26.520832061767578,405.80126953125,468.28411865234375,254.5
2023-12-22,192.6561737060547,153.4199981689453,111.00347137451172,368.8321228027344,141.14051818847656,352.3291931152344,372.5439147949219,48.81952667236328,58.837432861328125,26.68194007873535,406.4083557128906,469.2252502441406,252.5399932861328
2023-12-26,192.10887145996094,153.41000366210938,111.98392486572266,370.3615417480469,141.17044067382812,353.76483154296875,372.6235046386719,49.26842498779297,59.155799865722656,26.90935707092285,408.8962707519531,471.2065734863281,256.6099853515625
2023-12-27,192.20835876464844,153.33999633789062,111.41801452636719,371.555419921875,140.0232696533203,356.755859375,372.0367126464844,49.406394958496094,59.11600112915039,27.21059226989746,409.7286682128906,472.0585632324219,261.44000244140625
2023-12-28,192.63629150390625,153.3800048828125,111.04601287841797,372.0191650390625,139.8836212158203,357.244384765625,373.2401123046875,49.511375427246094,59.22148895263672,27.36020851135254,409.5295104980469,472.23687744140625,253.17999267578125
2023-12-29,191.5913848876953,151.94000244140625,110.43658447265625,371.861328125,139.34495544433594,352.8974609375,373.9959716796875,49.511375427246094,58.95280075073242,27.270437240600586,407.7571716308594,470.8697509765625,248.47999572753906
2024-01-02,184.73497009277344,149.92999267578125,107.3824462890625,372.0783996582031,137.82870483398438,345.25048828125,368.8540954589844,48.15766525268555,57.858131408691406,27.515810012817383,400.8570251464844,468.23455810546875,248.4199981689453
2024-01-03,183.35174560546875,148.47000122070312,104.7309799194336,369.23663330078125,138.5768585205078,343.4359436035156,368.5855712890625,47.55879592895508,57.27098846435547,27.207597732543945,396.6153564453125,464.4106750488281,238.4499969482422
2024-01-04,181.02317810058594,144.57000732421875,103.78416442871094,369.562255859375,136.05311584472656,346.0780029296875,365.94000244140625,47.98770523071289,56.96249771118164,27.449979782104492,394.5741882324219,462.9147644042969,237.92999267578125
2024-01-05,180.2967071533203,145.24000549316406,103.81088256835938,369.6610107421875,135.3947296142578,350.8935241699219,365.7510681152344,49.086463928222656,56.922691345214844,27.599597930908203,395.0421447753906,463.5487976074219,237.49000549316406
2024-01-08,184.65536499023438,149.10000610351562,106.34066009521484,371.8317565917969,138.49705505371094,357.5833740234375,372.6533508300781,52.241790771484375,58.146724700927734,28.075382232666016,403.2068786621094,470.1663818359375,240.4499969482422
2024-01-09,184.23741149902344,151.3699951171875,107.09651947021484,370.1937255859375,140.6018524169922,356.3570556640625,373.74737548828125,53.12860107421875,58.286048889160156,28.218021392822266,404.0034484863281,469.4530944824219,234.9600067138672
2024-01-10,185.2823028564453,153.72999572753906,106.90656280517578,371.9402770996094,141.92855834960938,369.35791015625,380.68939208984375,54.338340759277344,58.733863830566406,28.38658905029297,406.7415771484375,472.1080627441406,233.94000244140625
2024-01-11,184.68521118164062,155.17999267578125,108.826904296875,372.15740966796875,141.72906494140625,368.5603332519531,382.539306640625,54.810237884521484,58.733863830566406,28.277868270874023,407.58795166015625,471.9000549316406,227.22000122070312
2024-01-12,185.01361083984375,154.6199951171875,109.58869934082031,370.9140930175781,142.29763793945312,373.3658142089844,386.3584289550781,54.69825744628906,58.74381637573242,28.098323822021484,407.7970275878906,472.2269592285156,218.88999938964844
2024-01-16,182.7347869873047,153.16000366210938,110.3089599609375,368.6939697265625,142.13804626464844,366.3569641113281,388.14862060546875,56.369903564453125,58.61444854736328,28.146202087402344,407.7571716308594,470.4932556152344,219.91000366210938
2024-01-17,181.78939819335938,151.7100067138672,109.19197082519531,367.7665100097656,141.12057495117188,367.2641906738281,387.35296630859375,56.04097366333008,58.276100158691406,28.218021392822266,405.4571228027344,467.8779602050781,215.5500030517578
2024-01-18,187.71041870117188,153.5,113.17312622070312,369.8286437988281,143.12559509277344,375.00091552734375,391.72906494140625,57.09474563598633,59.05231475830078,28.158170700073242,411.2122802734375,472.0387268066406,211.8800048828125
2024-01-19,190.62612915039062,155.33999633789062,119.83049011230469,373.78076171875,146.0184326171875,382.2989501953125,396.5030212402344,59.47823715209961,60.04747009277344,28.146202087402344,419.3669738769531,477.9232177734375,212.19000244140625
2024-01-22,192.9447479248047,154.77999877929688,120.75059509277344,375.2320251464844,145.62939453125,380.6339416503906,394.354736328125,59.641204833984375,60.30620574951172,28.37462043762207,419.9146728515625,478.9337158203125,208.8000030517578
2024-01-23,194.22845458984375,156.02000427246094,121.32539367675781,374.2151794433594,146.6768035888672,384.043701171875,396.7317199707031,59.86015701293945,60.5052375793457,28.33771324157715,421.6571044921875,480.3305358886719,209.13999938964844
2024-01-24,193.55178833007812,156.8699951171875,124.05205535888672,373.2772521972656,148.33270263671875,389.52716064453125,400.3718566894531,61.34883499145508,60.70426559448242,28.05742835998535,423.9969787597656,480.8555908203125,207.8300018310547
2024-01-25,193.223388671875,157.75,121.69047546386719,375.6368408203125,151.49485778808594,391.9997253417969,402.6693115234375,61.60377883911133,60.89334487915039,28.053438186645508,424.5147399902344,483.4709167480469,182.6300048828125
2024-01-26,191.48191833496094,159.1199951171875,119.20521545410156,376.2390441894531,151.8140869140625,392.9568786621094,401.7344055175781,61.017906188964844,60.61470413208008,28.198070526123047,421.9856872558594,482.8567199707031,183.25
2024-01-29,190.79530334472656,161.25999450683594,120.48049926757812,378.4307556152344,153.1308135986328,399.8161926269531,407.492919921875,62.45159912109375,61.281455993652344,28.577102661132812,426.3070068359375,486.68060302734375,190.92999267578125
2024-01-30,187.12327575683594,159.0,119.52973175048828,379.59576416015625,151.0858917236328,398.8591003417969,406.3690490722656,62.760528564453125,60.80377960205078,28.49730682373047,423.4692687988281,486.30419921875,191.58999633789062
2024-01-31,183.5010223388672,155.1999969482422,116.74370574951172,376.51544189453125,139.7539520263672,388.9689025878906,395.4189147949219,61.513797760009766,59.42051696777344,28.397560119628906,415.1751403808594,478.3690185546875,187.2899932861328
2024-02-01,185.94903564453125,159.27999877929688,118.72340393066406,380.1980285644531,140.81134033203125,393.5949401855469,401.5852355957031,63.01347732543945,60.226593017578125,28.876340866088867,420.0639953613281,484.6300048828125,188.86000061035156
2024-02-02,184.94395446777344,171.80999755859375,121.13050079345703,381.501220703125,142.0283203125,473.56414794921875,408.98480224609375,66.14580535888672,61.291404724121094,28.916236877441406,427.163330078125,489.7319030761719,187.91000366210938
2024-02-05,186.76504516601562,170.30999755859375,122.98652648925781,378.6973571777344,143.32510375976562,458.0309143066406,403.445068359375,69.31713104248047,61.25160217285156,29.095781326293945,426.6057434082031,487.9486999511719,181.05999755859375
2024-02-06,188.37713623046875,169.14999389648438,120.96330261230469,380.17822265625,143.7440643310547,453.3550109863281,403.285888671875,68.20836639404297,61.20184326171875,29.43491554260254,425.7494201660156,489.3653564453125,185.10000610351562
2024-02-07,188.48660278320312,170.52999877929688,124.36766815185547,381.748046875,145.1804962158203,468.18035888671875,411.79937744140625,70.08395385742188,61.80888748168945,29.514713287353516,430.1304626464844,493.44683837890625,187.5800018310547
2024-02-08,187.40191650390625,169.83999633789062,126.11881256103516,382.41937255859375,145.54959106445312,468.5891418457031,411.8590393066406,69.62605285644531,61.95815658569336,29.5346622467041,430.9270324707031,493.664794921875,189.55999755859375
2024-02-09,188.1691436767578,174.4499969482422,126.97757720947266,381.7973327636719,148.63197326660156,466.7048034667969,418.2640380859375,72.11752319335938,62.724422454833984,29.5346622467041,435.1686706542969,496.5179138183594,193.57000732421875
2024-02-12,186.4752655029297,172.33999633789062,125.15321350097656,383.1697082519531,147.16558837890625,467.492431640625,413.0028381347656,72.23249816894531,62.57514953613281,29.442893981933594,433.4660339355469,496.2999572753906,188.1300048828125
2024-02-13,184.37286376953125,168.63999938964844,123.83242797851562,377.94708251953125,144.781494140625,458.7388000488281,404.1114196777344,72.11251831054688,61.52029037475586,29.15562629699707,426.70526123046875,489.4643859863281,184.02000427246094
2024-02-14,183.48606872558594,170.97999572753906,124.878173828125,379.3983459472656,145.5795135498047,471.8592834472656,408.0173034667969,73.88414764404297,62.23680114746094,29.256370544433594,431.35516357421875,493.9124450683594,188.7100067138672
2024-02-15,183.19712829589844,169.8000030517578,125.16014099121094,383.30792236328125,142.4173583984375,482.5770263671875,405.09783935546875,72.64241027832031,62.43583297729492,29.620441436767578,432.6396179199219,497.3203430175781,200.4499969482422
2024-02-16,181.65269470214844,169.50999450683594,123.22199249267578,381.8760681152344,140.17291259765625,471.899169921875,402.6068420410156,72.59741973876953,61.94820785522461,29.983516693115234,428.7165832519531,494.8436584472656,199.9499969482422
2024-02-20,180.90541076660156,167.0800018310547,121.3491439819336,381.3816833496094,140.77142333984375,470.3338623046875,401.3414001464844,69.43709564208984,61.39091873168945,30.033390045166016,425.4805908203125,492.119384765625,193.75999450683594
2024-02-21,181.66268920898438,168.58999633789062,121.43819427490234,381.7376403808594,142.19790649414062,467.1201477050781,400.73358154296875,67.45752716064453,61.122230529785156,29.923667907714844,423.77789306640625,492.56512451171875,194.77000427246094
2024-02-22,183.70526123046875,174.5800018310547,129.10073852539062,386.177490234375,143.7340850830078,485.1849670410156,410.1695251464844,78.52114868164062,62.84384536743164,30.073286056518555,436.1842956542969,502.7590026855469,197.41000366210938
2024-02-23,181.86196899414062,174.99000549316406,128.25680541992188,386.90924072265625,143.6044158935547,483.08905029296875,408.8642578125,78.80008697509766,62.78413772583008,30.273775100708008,434.89984130859375,503.1057434082031,191.97000122070312
2024-02-26,180.50686645507812,174.72999572753906,129.51922607421875,386.3455505371094,137.23019409179688,480.8034973144531,406.0743408203125,79.07503509521484,62.70452117919922,30.143108367919922,434.6708068847656,501.26312255859375,199.39999389648438
2024-02-27,181.9715576171875,173.5399932861328,128.24295043945312,385.30731201171875,138.53697204589844,486.1031494140625,406.0145263671875,78.68411254882812,62.79408264160156,30.245845794677734,435.7163391113281,502.1943359375,199.72999572753906
2024-02-28,180.7659149169922,173.16000366210938,127.56922149658203,385.24798583984375,136.0431365966797,483.07904052734375,406.253662109375,77.6463394165039,62.53534698486328,29.89374351501465,433.3963317871094,501.5306091308594,202.0399932861328
2024-02-29,180.09832763671875,176.75999450683594,128.66441345214844,385.59405517578125,138.1179962158203,489.17718505859375,412.15240478515625,79.09502410888672,63.14238739013672,29.724178314208984,437.1103210449219,503.3336181640625,201.8800048828125
2024-03-01,179.01226806640625,178.22000122070312,138.42738342285156,386.9388732910156,136.80125427246094,501.323486328125,414.00567626953125,82.26134490966797,63.78923416137695,30.083261489868164,443.69183349609375,508.05902099609375,202.63999938964844
2024-03-04,174.4687042236328,177.5800018310547,138.7330780029297,385.8710021972656,133.0206298828125,497.2215270996094,413.42779541015625,85.21871185302734,63.610107421875,30.123159408569336,442.1086730957031,507.51416015625,188.13999938964844
2024-03-05,169.50665283203125,174.1199951171875,132.84542846679688,381.8760681152344,132.34230041503906,489.2669982910156,401.2018737792969,85.9495849609375,62.495540618896484,29.624433517456055,434.1729736328125,502.4420166015625,180.74000549316406
2024-03-06,168.51026916503906,173.50999450683594,133.56271362304688,382.8550109863281,131.07542419433594,495.1255798339844,400.6438903808594,88.68512725830078,62.89360427856445,29.664329528808594,436.9012145996094,504.9880065917969,176.5399932861328
2024-03-07,168.3907012939453,176.82000732421875,139.20301818847656,384.11083984375,134.04808044433594,511.1943054199219,407.6686096191406,92.65345764160156,63.79918670654297,29.913694381713867,443.53253173828125,510.0007019042969,178.64999389648438
2024-03-08,170.1144561767578,175.35000610351562,129.47865295410156,383.6559753417969,135.07553100585938,504.9664611816406,404.7590637207031,87.5133285522461,63.16229248046875,29.913694381713867,437.1302185058594,506.93963623046875,175.33999633789062
2024-03-11,172.12718200683594,171.9600067138672,127.93527221679688,384.0811767578125,137.3299560546875,482.6498718261719,403.0651550292969,85.7596206665039,62.943359375,29.624433517456055,435.50726318359375,506.50372314453125,177.77000427246094
2024-03-12,172.60543823242188,175.38999938964844,127.81258392333984,386.4247131347656,138.15789794921875,498.7784729003906,413.7864685058594,91.89759063720703,63.79918670654297,29.8438720703125,441.750244140625,511.9523620605469,177.5399932861328
2024-03-13,170.51303100585938,176.55999755859375,124.44780731201172,386.8499450683594,139.44471740722656,494.6065979003906,413.6071472167969,90.87276458740234,63.44093322753906,29.873794555664062,438.35491943359375,511.1498718261719,169.47999572753906
2024-03-14,172.37628173828125,178.75,124.88311767578125,385.7127380371094,142.7465362548828,490.8738708496094,423.69073486328125,87.92925262451172,63.261802673339844,29.714204788208008,437.2497253417969,510.1394348144531,162.5
2024-03-15,171.99765014648438,174.4199981689453,122.234619140625,383.5945739746094,140.83126831054688,483.1589050292969,414.9223937988281,87.822265625,62.63574981689453,29.813947677612305,432.05218505859375,506.63653564453125,163.57000732421875
2024-03-18,173.0936737060547,174.47999572753906,122.40676879882812,384.3181457519531,147.31521606445312,496.01385498046875,415.81915283203125,88.44017028808594,63.13420486450195,29.86382293701172,436.1728515625,509.64752197265625,173.8000030517578
2024-03-19,175.4451904296875,175.89999389648438,122.48295593261719,387.460205078125,146.6668243408203,495.2752990722656,419.8944396972656,89.38301849365234,63.453216552734375,30.01344108581543,437.2595520019531,512.479736328125,171.32000732421875
2024-03-20,178.0258331298828,178.14999389648438,126.77912902832031,391.51416015625,148.3726043701172,504.5372619628906,423.7007141113281,90.35684967041016,64.27068328857422,30.242855072021484,442.4440002441406,517.2198486328125,175.66000366210938
2024-03-21,170.75213623046875,178.14999389648438,133.9328155517578,394.24993896484375,147.2354278564453,506.7729187011719,427.8258056640625,91.41967010498047,64.35043334960938,30.192983627319336,444.5377502441406,518.9290771484375,172.82000732421875
2024-03-22,171.6588592529297,178.8699951171875,134.47630310058594,391.0582580566406,150.39759826660156,508.58935546875,427.19805908203125,94.273193359375,64.48002624511719,30.11318588256836,445.0462341308594,517.9452514648438,170.8300018310547
2024-03-25,170.23403930664062,179.7100067138672,134.28851318359375,389.4921569824219,149.69932556152344,502.0421142578125,421.3392028808594,94.98606872558594,64.33049011230469,30.093215942382812,443.43109130859375,516.5142822265625,172.6300048828125
2024-03-26,169.09814453125,178.3000030517578,132.2924346923828,389.39306640625,150.29783630371094,494.9259948730469,420.133544921875,92.54547882080078,64.08126831054688,30.29290771484375,441.9953918457031,515.560302734375,177.6699981689453
2024-03-27,172.68515014648438,179.8300018310547,131.02464294433594,394.06158447265625,150.49732971191406,492.8999328613281,419.9143371582031,90.23486328125,64.32052612304688,30.85203742980957,443.5008544921875,519.8929443359375,179.8300018310547
2024-03-28,170.8617401123047,180.3800048828125,131.68833923339844,394.2598571777344,150.55718994140625,484.6360168457031,419.2069091796875,90.34085083007812,64.20089721679688,30.872007369995117,442.6833190917969,519.7935791015625,175.7899932861328
2024-04-01,169.4169921875,180.97000122070312,134.15736389160156,391.8512268066406,155.10594177246094,490.3948059082031,423.0430908203125,90.34784698486328,64.31056213378906,30.59244155883789,443.6205139160156,518.8892822265625,175.22000122070312
2024-04-02,168.23126220703125,180.69000244140625,133.0147705078125,388.183837890625,154.17822265625,496.4031066894531,419.9243469238281,89.43700408935547,63.72237777709961,30.26295280456543,439.7919616699219,515.590087890625,166.6300048828125
2024-04-03,169.03836059570312,182.41000366210938,135.44403076171875,387.81707763671875,154.53733825683594,505.7548828125,418.9378967285156,88.94908142089844,63.94169998168945,30.252967834472656,440.7790222167969,516.156494140625,168.3800048828125
2024-04-04,168.21136474609375,180.0,130.90243530273438,382.62310791015625,150.15818786621094,509.9267883300781,416.37713623046875,85.89059448242188,63.06441879272461,29.95343589782715,434.0392150878906,509.8562316894531,171.11000061035156
2024-04-05,168.96861267089844,185.07000732421875,133.08131408691406,385.4381408691406,152.12332153320312,526.3148803710938,423.9896545410156,87.99324798583984,63.70244216918945,30.26295280456543,439.1539001464844,515.1826782226562,164.89999389648438
2024-04-08,167.84268188476562,185.19000244140625,132.75047302246094,385.6761169433594,154.467529296875,518.2406005859375,423.06298828125,87.11839294433594,63.84200668334961,30.302892684936523,439.28350830078125,515.4707641601562,172.97999572753906
2024-04-09,169.0582733154297,185.6699981689453,132.54977416992188,385.4183044433594,156.21319580078125,515.8951416015625,424.7469177246094,85.33968353271484,63.97160720825195,30.622394561767578,440.90863037109375,516.0670776367188,176.8800048828125
2024-04-10,167.17507934570312,185.9499969482422,131.3863067626953,381.12646484375,155.75433349609375,518.8194580078125,421.73779296875,87.02440643310547,63.49308776855469,30.26295280456543,437.0601806640625,510.899658203125,171.75999450683594
2024-04-11,174.40892028808594,189.0500030517578,137.35665893554688,381.1562194824219,159.01626586914062,522.1429443359375,426.3909912109375,90.60079956054688,64.49996185302734,30.19305992126465,444.03924560546875,514.7553100585938,174.60000610351562
2024-04-12,175.91348266601562,186.1300048828125,133.54232788085938,376.52728271484375,157.3404083251953,510.90484619140625,420.3826904296875,88.17121124267578,63.50305938720703,29.56403923034668,436.96044921875,507.650146484375,171.0500030517578
2024-04-15,172.0673828125,183.6199951171875,130.225830078125,373.9898376464844,154.4774932861328,499.257568359375,412.15240478515625,85.98657989501953,62.38652420043945,29.044845581054688,429.7720031738281,501.2902526855469,161.47999572753906
2024-04-16,168.7693328857422,183.32000732421875,132.05101013183594,374.6539001464844,154.01861572265625,498.7884826660156,413.0889892578125,87.40034484863281,62.20708084106445,28.86512565612793,429.8118896484375,500.3760070800781,157.11000061035156
2024-04-17,167.39430236816406,181.27999877929688,127.4378662109375,374.1285705566406,155.0859832763672,493.2093505859375,410.3588562011719,84.02091217041016,61.57902526855469,28.805219650268555,424.5675964355469,497.4146728515625,155.4499969482422
2024-04-18,166.437744140625,179.22000122070312,125.08908081054688,374.5151672363281,155.62464904785156,500.8244934082031,402.8160705566406,84.65679931640625,61.31983184814453,28.755294799804688,422.1448974609375,496.3910827636719,149.92999267578125
2024-04-19,164.40512084960938,174.6300048828125,119.69599151611328,376.6552734375,153.7093963623047,480.1347961425781,397.6846008300781,76.18722534179688,59.99394226074219,28.665435791015625,413.4110107421875,492.05841064453125,147.0500030517578
2024-04-22,165.24208068847656,177.22999572753906,121.65828704833984,379.2040100097656,155.8939666748047,480.79351806640625,399.5179748535156,79.50466918945312,60.64193344116211,28.86512565612793,417.568603515625,496.58984375,142.0500030517578
2024-04-23,166.29824829101562,179.5399932861328,124.1153793334961,381.83203125,157.86907958984375,495.1355895996094,406.1042175292969,82.4091796875,61.59896469116211,29.136703491210938,423.7998962402344,502.4826965332031,144.67999267578125
2024-04-24,168.41062927246094,176.58999633789062,124.87347412109375,381.2568664550781,158.73695373535156,492.5406188964844,407.5888366699219,79.66364288330078,61.75847244262695,29.16465950012207,425.2356262207031,502.24420166015625,162.1300048828125
2024-04-25,169.27749633789062,173.6699981689453,128.60928344726562,377.7660217285156,155.6146697998047,440.5219421386719,397.6048889160156,82.61814880371094,61.29989242553711,29.024877548217773,423.1817932128906,500.33624267578125,170.17999267578125
2024-04-26,168.6896209716797,179.6199951171875,133.54232788085938,379.14447021484375,171.52528381347656,442.4282531738281,404.8587341308594,87.72028350830078,62.59587478637695,28.984939575195312,429.7121887207031,505.0763854980469,168.2899932861328
2024-04-29,172.8744659423828,180.9600067138672,133.0008544921875,380.6221618652344,165.73959350585938,431.7789611816406,400.8033447265625,87.7422866821289,62.69556427001953,29.054832458496094,431.45697021484375,506.8650817871094,194.0500030517578
2024-04-30,169.7158966064453,175.0,129.19052124023438,374.9991149902344,162.3779296875,429.3337707519531,387.9297790527344,86.38751220703125,61.57902526855469,28.915048599243164,423.3213195800781,498.8357238769531,183.27999877929688
2024-05-01,168.6896209716797,179.0,123.48645782470703,375.7528076171875,163.45526123046875,438.336181640625,393.5196228027344,83.0270767211914,61.21017074584961,29.284473419189453,420.260498046875,497.2159423828125,179.99000549316406
2024-05-02,172.4061737060547,184.72000122070312,123.06021118164062,379.0651550292969,166.20843505859375,440.8213806152344,396.4092102050781,85.8026123046875,62.22701644897461,29.384319305419922,425.6244201660156,501.8665771484375,180.00999450683594
2024-05-03,182.71884155273438,186.2100067138672,126.98876953125,383.5675964355469,166.82691955566406,451.08135986328125,405.1974792480469,88.77411651611328,63.46318435668945,29.574024200439453,434.1788330078125,508.08740234375,181.19000244140625
2024-05-06,181.05487060546875,188.6999969482422,130.1880645751953,385.23370361328125,167.68479919433594,464.7746887207031,412.0527648925781,92.12454986572266,64.24077606201172,29.623945236206055,438.9345397949219,513.3343505859375,184.75999450683594
2024-05-07,181.7423858642578,188.75999450683594,129.47268676757812,385.5212707519531,170.82699584960938,467.3297119140625,407.86785888671875,90.538818359375,64.11116790771484,29.75374412536621,439.00433349609375,513.9007568359375,177.80999755859375
2024-05-08,182.08116149902344,188.0,131.6843719482422,387.24688720703125,168.96163940429688,471.6812744140625,409.06353759765625,90.39684295654297,64.00151062011719,29.264503479003906,438.7451171875,513.950439453125,174.72000122070312
2024-05-09,183.90457153320312,189.5,129.72703552246094,390.7376708984375,169.54019165039062,474.49578857421875,410.8371276855469,88.73212432861328,64.15104675292969,29.474180221557617,439.7022399902344,516.9117431640625,171.97000122070312
2024-05-10,182.63742065429688,187.47999572753906,132.42259216308594,391.90789794921875,168.23341369628906,475.2742919921875,413.2484130859375,89.86292266845703,64.14107513427734,29.444225311279297,440.7391357421875,517.57763671875,168.47000122070312
2024-05-13,185.8601531982422,186.57000732421875,132.89056396484375,391.1938781738281,168.72222900390625,467.1001892089844,412.2320861816406,90.38385009765625,64.39030456542969,29.434242248535156,441.7560729980469,517.6470947265625,171.88999938964844
2024-05-14,187.00755310058594,187.07000732421875,137.11521911621094,392.3046569824219,169.91925048828125,470.9327392578125,415.0618896484375,91.34068298339844,64.79903411865234,29.653902053833008,444.5975646972656,520.0221557617188,177.5500030517578
2024-05-15,189.2924041748047,185.99000549316406,142.69309997558594,395.9739685058594,172.08389282226562,480.6038818359375,422.31878662109375,94.61412811279297,65.79595184326172,29.9334659576416,451.5467529296875,526.4616088867188,173.99000549316406
2024-05-16,189.41212463378906,183.6300048828125,140.30455017089844,395.904541015625,173.749755859375,472.3100280761719,420.2325744628906,94.34317779541016,65.62647247314453,29.877552032470703,450.6295166015625,525.3783569335938,174.83999633789062
2024-05-17,189.4420623779297,184.6999969482422,138.6313934326172,397.2295227050781,175.6251220703125,470.99261474609375,419.4539489746094,92.46348571777344,65.55669403076172,29.853588104248047,450.41015625,526.1336669921875,177.4600067138672
2024-05-20,190.6094207763672,183.5399932861328,140.4933319091797,395.3920593261719,176.48300170898438,467.9285583496094,424.5747375488281,94.76411437988281,66.0551528930664,29.89352798461914,453.5507507324219,526.7398071289062,174.9499969482422
2024-05-21,191.91647338867188,183.14999389648438,139.01986694335938,396.06744384765625,177.41070556640625,463.7267761230469,428.2680969238281,95.37001037597656,66.18474578857422,29.86357307434082,454.4380798339844,528.0316162109375,186.60000610351562
2024-05-22,190.46974182128906,183.1300048828125,138.32835388183594,393.96185302734375,175.9443359375,466.8706359863281,429.74542236328125,94.93408203125,66.10498809814453,29.833620071411133,454.34832763671875,526.5112915039062,180.11000061035156
2024-05-23,186.45880126953125,181.0500030517578,138.43267822265625,388.0026550292969,173.121337890625,464.87451171875,426.23175048828125,103.78160095214844,65.86573028564453,29.55904769897461,452.30450439453125,522.66552734375,173.74000549316406
2024-05-24,189.5518035888672,180.75,139.87831115722656,387.98284912109375,174.5577850341797,477.29034423828125,429.3860778808594,106.4511489868164,66.46387481689453,29.514116287231445,456.5816650390625,526.1237182617188,179.24000549316406
2024-05-28,189.56179809570312,182.14999389648438,140.3363494873047,385.9566955566406,175.9642791748047,478.987060546875,429.5457763671875,113.88190460205078,66.83273315429688,29.11473846435547,458.3064880371094,526.4913940429688,176.75
2024-05-29,189.86111450195312,182.02000427246094,138.17236328125,381.96405029296875,175.4654998779297,473.43780517578125,428.3978576660156,114.80574798583984,66.48381805419922,28.97495460510254,455.076171875,522.8046264648438,176.19000244140625
2024-05-30,190.85885620117188,179.32000732421875,135.53048706054688,378.8851318359375,171.6848907470703,466.14202880859375,413.9239501953125,110.4814682006836,65.67631530761719,29.40428924560547,450.2007751464844,519.33642578125,178.7899932861328
2024-05-31,191.8166961669922,176.44000244140625,132.0003204345703,384.89398193359375,172.07391357421875,465.9224548339844,414.38311767578125,109.6146240234375,65.69625854492188,29.803667068481445,449.36328125,524.066650390625,178.0800018310547
2024-06-03,193.59266662597656,178.33999633789062,131.33961486816406,383.61273193359375,172.7422637939453,476.561767578125,412.7760009765625,114.98072052001953,66.14486694335938,29.99337387084961,451.77606201171875,524.4939575195312,176.2899932861328
2024-06-04,193.91195678710938,179.33999633789062,132.22586059570312,384.8741149902344,173.36073303222656,476.0627136230469,415.3214416503906,116.41747283935547,66.27446746826172,29.853588104248047,453.0123596191406,525.0802612304688,174.77000427246094
2024-06-05,195.42852783203125,181.27999877929688,140.3999481201172,385.88714599609375,174.9767303466797,494.09759521484375,423.24713134765625,122.41947174072266,67.35112762451172,30.033309936523438,462.1449890136719,531.3209228515625,175.0
2024-06-06,194.04165649414062,185.0,139.22555541992188,386.68170166015625,176.29345703125,492.8001403808594,423.7561950683594,120.97771453857422,67.45082092285156,29.979393005371094,461.9854736328125,531.3109741210938,177.94000244140625
2024-06-07,196.4462432861328,184.3000030517578,139.75909423828125,385.8474426269531,174.02908325195312,492.0016784667969,423.0874328613281,120.86773681640625,67.27137756347656,30.129161834716797,461.5766906738281,530.6651000976562,177.47999572753906
2024-06-10,192.68472290039062,187.05999755859375,143.1203155517578,386.6420593261719,174.778076171875,501.6229553222656,427.1001892089844,121.76958465576172,67.64022827148438,30.312875747680664,463.44110107421875,532.3046875,173.7899932861328
2024-06-11,206.68310546875,187.22999572753906,145.16310119628906,385.3309631347656,176.3859405517578,506.48345947265625,431.9015197753906,120.899658203125,68.19850158691406,30.272937774658203,466.6215515136719,533.586669921875,170.66000366210938
2024-06-12,212.58978271484375,186.88999938964844,148.5889129638672,385.0528869628906,177.55438232421875,507.8507995605469,440.2664489746094,125.18928527832031,69.24524688720703,30.37278175354004,472.7332458496094,537.9690551757812,177.2899932861328
2024-06-13,213.75714111328125,183.8300018310547,166.8188934326172,384.2484130859375,174.92788696289062,503.1200256347656,440.7855224609375,129.59890747070312,69.37484741210938,30.45265769958496,475.2955627441406,539.0521850585938,182.47000122070312
2024-06-14,212.01107788085938,183.66000366210938,172.38783264160156,383.83123779296875,176.5557098388672,503.67950439453125,441.77374267578125,131.8687286376953,69.53435516357422,30.362796783447266,477.7582092285156,539.3801879882812,178.00999450683594
2024-06-17,216.18165588378906,184.05999755859375,181.71046447753906,385.9367980957031,177.005126953125,506.14715576171875,447.56329345703125,130.9687957763672,70.1524429321289,30.24298667907715,483.61065673828125,543.6730346679688,187.44000244140625
2024-06-18,213.8070068359375,182.80999755859375,179.09242248535156,386.4930419921875,174.85797119140625,499.0139465332031,445.5369567871094,135.5684051513672,70.20227813720703,30.203046798706055,483.76019287109375,545.0543823242188,184.86000061035156
2024-06-20,209.20741271972656,186.10000610351562,172.3401336669922,389.4031066894531,176.06637573242188,501.22186279296875,444.89813232421875,130.76881408691406,69.64401245117188,30.382766723632812,480.0314025878906,543.5736694335938,181.57000732421875
2024-06-21,207.02235412597656,189.0800018310547,164.79598999023438,389.5464172363281,179.3919677734375,494.3084411621094,448.97076416015625,126.55917358398438,69.5391845703125,31.501028060913086,478.7452392578125,542.844970703125,183.00999450683594
2024-06-24,207.67086791992188,185.57000732421875,158.6990203857422,392.1743469238281,178.9824981689453,498.43450927734375,446.8645935058594,118.09989929199219,68.85028076171875,31.610857009887695,473.2948913574219,541.080322265625,182.5800018310547
2024-06-25,208.59878540039062,186.33999633789062,157.56077575683594,389.2279052734375,183.78611755371094,510.1133728027344,450.138671875,126.07920837402344,69.7188949584961,31.500925064086914,478.7073059082031,543.1640014648438,187.35000610351562
2024-06-26,212.7693634033203,193.61000061035156,158.6781005859375,389.4468994140625,183.63632202148438,512.6309814453125,451.34649658203125,126.38919067382812,70.02840423583984,31.470943450927734,479.6958923339844,543.8419189453125,196.3699951171875
2024-06-27,213.61746215820312,197.85000610351562,158.14585876464844,389.76544189453125,185.164306640625,519.0648193359375,452.0352478027344,123.9793930053711,70.2879867553711,31.43096923828125,480.93414306640625,544.6992797851562,197.4199981689453
2024-06-28,210.14527893066406,193.25,160.0266571044922,389.3373718261719,181.9086151123047,503.73944091796875,446.1458740234375,123.52943420410156,69.81873321533203,31.380996704101562,478.4376525878906,542.5557861328125,197.8800048828125
2024-07-01,216.261474609375,197.1999969482422,163.54209899902344,389.6658630371094,182.7475128173828,504.1990051269531,455.90826416015625,124.28936767578125,70.21810150146484,31.181119918823242,481.2437438964844,543.6724243164062,209.86000061035156
2024-07-02,219.77354431152344,200.0,165.2046356201172,391.4875183105469,184.99452209472656,509.014404296875,458.45367431640625,122.65950775146484,70.81714630126953,30.94126319885254,486.296630859375,547.3311767578125,231.25999450683594
2024-07-03,221.0506591796875,197.58999633789062,172.35511779785156,391.02960205078125,185.57376098632812,509.4739685058594,459.94097900390625,128.26902770996094,71.50605010986328,30.69141387939453,490.3509521484375,549.7737426757812,246.38999938964844
2024-07-05,225.82984924316406,200.0,169.77259826660156,391.8955993652344,190.34742736816406,539.3953857421875,466.7187805175781,125.8192367553711,72.2348861694336,30.921276092529297,495.4637451171875,552.9439697265625,251.52000427246094
2024-07-08,227.30653381347656,199.2899932861328,174.01365661621094,391.65673828125,188.7794952392578,528.8155517578125,465.4011535644531,128.18902587890625,72.45453643798828,30.931270599365234,496.64208984375,553.58203125,252.94000244140625
2024-07-09,228.16458129882812,199.33999633789062,172.7627716064453,391.13909912109375,188.7295684814453,529.494873046875,458.7132263183594,131.3687744140625,72.4345703125,30.951257705688477,497.07147216796875,554.120361328125,262.3299865722656
2024-07-10,232.4548797607422,199.7899932861328,173.89703369140625,395.4393005371094,190.9266357421875,534.180419921875,465.4111328125,134.89846801757812,73.35310363769531,31.231088638305664,502.25421142578125,559.6035766601562,263.260009765625
2024-07-11,227.05709838867188,195.0500030517578,170.03575134277344,395.8076171875,185.3240966796875,512.2113647460938,453.8819274902344,127.38910675048828,72.06515502929688,31.670822143554688,491.23968505859375,554.7783203125,241.02999877929688
2024-07-12,230.0203857421875,194.49000549316406,169.5094757080078,398.48529052734375,184.8247528076172,498.39453125,452.7339782714844,129.2289581298828,72.29479217529297,31.880695343017578,494.1256408691406,558.277587890625,248.22999572753906
2024-07-15,233.87168884277344,192.72000122070312,170.8580322265625,400.51593017578125,186.28280639648438,495.6871337890625,453.14324951171875,128.42901611328125,72.54439544677734,31.87070083618164,495.4537658691406,559.8129272460938,252.63999938964844
2024-07-16,234.29075622558594,193.02000427246094,168.82473754882812,407.782470703125,183.67626953125,489.3232116699219,448.71124267578125,126.34918975830078,72.85389709472656,32.17051696777344,495.64349365234375,563.1326904296875,256.55999755859375
2024-07-17,228.3641357421875,187.92999267578125,155.46865844726562,410.0420837402344,180.78012084960938,461.5496826171875,442.7220153808594,117.97990417480469,70.93695831298828,31.90068244934082,481.09393310546875,555.2369384765625,248.5
2024-07-18,223.67471313476562,183.75,159.9937744140625,404.8559265136719,177.45452880859375,475.396484375,439.57769775390625,121.07963562011719,70.2879867553711,31.261070251464844,478.817138671875,550.969970703125,249.22999572753906
2024-07-19,223.80442810058594,183.1300048828125,156.83416748046875,401.294677734375,177.42457580566406,476.3356018066406,436.32354736328125,117.91991424560547,69.69892120361328,31.43096923828125,474.5730895996094,547.3112182617188,239.1999969482422
2024-07-22,223.45523071289062,182.5500030517578,160.53199768066406,402.48968505859375,181.4292449951172,486.9354553222656,442.14306640625,123.52943420410156,70.73726654052734,31.800743103027344,481.6431884765625,552.9539794921875,251.50999450683594
2024-07-23,224.5028533935547,186.41000366210938,163.23312377929688,401.8324279785156,181.54908752441406,488.2242431640625,444.0496520996094,122.57951354980469,70.72728729248047,32.05059051513672,479.945556640625,552.0866088867188,246.3800048828125
2024-07-24,218.04742431640625,180.8300018310547,150.8438720703125,397.0322265625,172.40122985839844,460.8303527832031,428.1283264160156,114.24022674560547,68.32112121582031,32.04059982299805,462.7297668457031,539.574951171875,215.99000549316406
2024-07-25,216.99981689453125,179.85000610351562,148.7706756591797,397.8488464355469,167.05831909179688,452.9778747558594,417.647216796875,112.27039337158203,67.61225128173828,32.160526275634766,457.6269226074219,536.7635498046875,220.25
2024-07-26,217.46875,182.5,151.13291931152344,404.30224609375,166.7786865234375,465.25616455078125,424.5048522949219,113.05032348632812,68.3410873413086,32.490325927734375,462.3203430175781,542.775146484375,219.8000030517578
2024-07-29,217.7481231689453,183.1999969482422,149.7275390625,403.8441162109375,169.3053436279297,465.2661437988281,425.9622497558594,111.58045196533203,68.37104797363281,32.52030944824219,463.2490234375,543.0941772460938,232.10000610351562
2024-07-30,218.30685424804688,181.7100067138672,143.0495147705078,405.736328125,170.0643310546875,462.74853515625,422.15911865234375,103.72113037109375,67.41256713867188,32.29044723510742,456.8879699707031,540.3425903320312,222.6199951171875
2024-07-31,221.5794677734375,186.97999572753906,160.1532440185547,406.8118896484375,171.3126678466797,474.37744140625,417.5973205566406,117.0099868774414,69.25962829589844,32.280452728271484,470.4089660644531,549.1256713867188,232.07000732421875
2024-08-01,217.8678436279297,184.07000732421875,146.5380401611328,401.5735168457031,170.53370666503906,497.2655944824219,416.3595275878906,109.2006607055664,67.62223815917969,32.44035720825195,459.0149841308594,541.3495483398438,216.86000061035156
2024-08-02,219.3644561767578,167.89999389648438,143.34852600097656,395.49859619140625,166.43914794921875,487.6747741699219,407.7550354003906,107.26081848144531,66.06471252441406,32.19050598144531,448.1202697753906,531.2704467773438,207.6699981689453
2024-08-05,208.79833984375,161.02000427246094,141.61422729492188,385.220947265625,159.03897094726562,475.276611328125,394.4390563964844,100.44140625,63.78834533691406,31.43096923828125,434.7590637207031,515.7979125976562,198.8800048828125
2024-08-06,206.76292419433594,161.92999267578125,143.4481964111328,388.3580322265625,158.08023071289062,493.61907958984375,398.8910217285156,104.24108123779297,64.36742401123047,31.54090118408203,438.9132080078125,520.5533447265625,200.63999938964844
2024-08-07,209.34710693359375,162.77000427246094,135.82327270507812,386.177001953125,158.7293701171875,488.45404052734375,397.7131652832031,98.90154266357422,63.63858413696289,31.141143798828125,434.1598815917969,517.073974609375,191.75999450683594
2024-08-08,212.8292236328125,165.8000030517578,145.26223754882812,392.8992919921875,161.81527709960938,509.144287109375,401.9654846191406,104.96102142333984,65.56551361083984,31.72079086303711,447.4412536621094,529.02734375,198.83999633789062
2024-08-09,215.7526397705078,166.94000244140625,147.77395629882812,393.5267028808594,163.45310974121094,517.2765502929688,405.28948974609375,104.74104309082031,65.92494201660156,31.43096923828125,449.7779541015625,531.3601684570312,200.0
2024-08-12,217.2909393310547,166.8000030517578,148.13278198242188,392.15234375,162.07492065429688,515.458251953125,406.07806396484375,109.01067352294922,66.09466552734375,31.43096923828125,450.74658203125,531.6393432617188,197.49000549316406
2024-08-13,221.02682495117188,170.22999572753906,155.6480712890625,396.1558532714844,163.9424591064453,528.0362548828125,413.26513671875,116.13006591796875,67.56233215332031,32.03060531616211,461.93084716796875,540.3824462890625,207.8300018310547
2024-08-14,221.47633361816406,170.10000610351562,157.1730499267578,398.4463806152344,160.157470703125,526.2579956054688,416.1099853515625,118.06990051269531,67.64220428466797,31.99062728881836,462.0806884765625,542.0872802734375,201.3800048828125
2024-08-15,224.47303771972656,177.58999633789062,165.58538818359375,404.2126159667969,161.08624267578125,536.81787109375,421.0299987792969,122.84949493408203,69.19972229003906,32.25047302246094,473.7542724609375,551.3787841796875,214.13999938964844
2024-08-16,225.80157470703125,177.05999755859375,165.17672729492188,405.3956604003906,162.74404907226562,526.9172973632812,418.4700012207031,124.56934356689453,69.45930480957031,32.200504302978516,474.3634033203125,552.614990234375,216.1199951171875
2024-08-19,225.64175415039062,178.22000122070312,167.16021728515625,407.7578430175781,166.44912719726562,528.7755737304688,421.5299987792969,129.98887634277344,70.42776489257812,32.45035171508789,480.5946350097656,557.8987426757812,222.72000122070312
2024-08-20,226.2610626220703,178.8800048828125,165.40597534179688,407.2096862792969,166.9584503173828,526.2279663085938,424.79998779296875,127.2391128540039,70.08830261230469,32.65022659301758,479.5860595703125,556.9915771484375,221.10000610351562
2024-08-21,226.15118408203125,180.11000061035156,165.2365264892578,407.63824462890625,165.63021850585938,534.64990234375,424.1400146484375,128.489013671875,70.38782501220703,32.89008331298828,481.8229064941406,558.9057006835938,223.27000427246094
2024-08-22,224.2832489013672,176.1300048828125,161.80780029296875,406.1332702636719,163.5829315185547,531.4230346679688,415.54998779296875,123.72941589355469,69.29956817626953,32.74017333984375,474.18365478515625,554.5191040039062,210.66000366210938
2024-08-23,226.5906982421875,177.0399932861328,165.81463623046875,410.4688720703125,165.4005126953125,527.4967651367188,416.7900085449219,129.3589324951172,70.36786651611328,32.9400520324707,479.326416015625,560.4110717773438,220.32000732421875
2024-08-26,226.93032836914062,175.5,159.0967254638672,411.3559265136719,165.93980407714844,520.6233520507812,413.489990234375,126.44918060302734,69.80874633789062,32.96004104614258,474.6729736328125,559.0751342773438,213.2100067138672
2024-08-27,227.77938842773438,173.1199951171875,160.8609161376953,411.525390625,164.46176147460938,518.605224609375,413.8399963378906,128.28903198242188,69.83869934082031,33.010009765625,476.0909729003906,559.8428344726562,209.2100067138672
2024-08-28,226.2410888671875,170.8000030517578,157.66143798828125,409.9804992675781,162.6342010498047,516.2874755859375,410.6000061035156,125.59925842285156,69.10986328125,32.88009262084961,470.6885681152344,556.5927734375,205.75
2024-08-29,229.53746032714844,172.1199951171875,156.41554260253906,412.5420227050781,161.56561279296875,517.72607421875,413.1199951171875,117.57994079589844,69.10986328125,32.9400520324707,469.9995422363281,556.642578125,206.27999877929688
2024-08-30,228.7483367919922,178.5,162.28623962402344,414.83441162109375,163.1634979248047,520.8131713867188,417.1400146484375,119.35979461669922,69.75883483886719,33.029998779296875,475.6016540527344,561.956298828125,214.11000061035156
2024-09-03,222.52517700195312,176.25,152.2891082763672,408.89410400390625,157.15147399902344,511.2722473144531,409.44000244140625,107.99076080322266,67.402587890625,32.75016784667969,461.1619567871094,550.3917846679688,210.60000610351562
2024-09-04,220.6072998046875,173.3300018310547,153.61474609375,409.06353759765625,156.24267578125,512.2512817382812,408.8999938964844,106.20091247558594,67.27278900146484,32.600257873535156,459.963623046875,549.2652587890625,219.41000366210938
2024-09-05,222.13560485839844,177.88999938964844,152.31903076171875,407.1099853515625,157.03163146972656,516.3673706054688,408.3900146484375,107.2008285522461,67.56233215332031,32.340415954589844,460.3930358886719,547.9293212890625,230.1699981689453
2024-09-06,220.57733154296875,171.38999938964844,136.55087280273438,403.1332092285156,150.72000122070312,499.7931823730469,401.70001220703125,102.82120513916016,65.77517700195312,31.910676956176758,448.06036376953125,538.7076416015625,210.72999572753906
2024-09-09,220.66722106933594,175.39999389648438,140.35836791992188,407.6980285644531,148.7100067138672,504.30889892578125,405.7200012207031,106.46089172363281,66.54395294189453,31.96064567565918,453.822265625,544.7391357421875,216.27000427246094
2024-09-10,219.86810302734375,179.5500030517578,147.72413635253906,406.9106750488281,148.66000366210938,504.30889892578125,414.20001220703125,108.09075164794922,67.06312561035156,32.0006217956543,458.0163879394531,547.11181640625,226.1699981689453
2024-09-11,222.41529846191406,184.52000427246094,157.75115966796875,407.9173278808594,151.16000366210938,511.3421630859375,423.0400085449219,116.9000015258789,68.52079772949219,32.48033142089844,467.96240234375,552.724609375,228.1300048828125
2024-09-12,222.52517700195312,187.0,164.02052307128906,410.6083984375,154.69000244140625,525.0990600585938,427.0,119.13999938964844,69.18974304199219,32.66022491455078,472.5559387207031,557.38037109375,229.80999755859375
2024-09-13,222.25547790527344,186.49000549316406,167.14027404785156,413.568603515625,157.4600067138672,524.1199951171875,430.5899963378906,119.0999984741211,69.66897583007812,32.950050354003906,474.6729736328125,560.2914428710938,230.2899932861328
2024-09-16,216.082275390625,184.88999938964844,163.4822998046875,416.0005187988281,158.05999755859375,533.280029296875,431.3399963378906,116.77999877929688,69.34947967529297,33.05998229980469,472.5758972167969,561.118896484375,226.77999877929688
2024-09-17,216.55174255371094,186.8800048828125,161.9373779296875,415.8809509277344,159.32000732421875,536.3200073242188,435.1499938964844,115.58999633789062,69.45930480957031,32.88009262084961,472.8255615234375,561.3482055664062,227.8699951171875
2024-09-18,220.4474639892578,186.42999267578125,161.13999938964844,414.8144836425781,159.80999755859375,537.9500122070312,430.80999755859375,113.37000274658203,69.28958129882812,32.72018814086914,470.7784423828125,559.683349609375,227.1999969482422
2024-09-19,228.61846923828125,189.8699951171875,167.4199981689453,420.0172119140625,162.13999938964844,559.0999755859375,438.69000244140625,117.87000274658203,70.90699768066406,33.20988845825195,482.68170166015625,569.2340087890625,243.9199981689453
2024-09-20,227.94920349121094,191.60000610351562,171.10000610351562,420.4250793457031,163.58999633789062,561.3499755859375,435.2699890136719,116.0,70.7699966430664,33.04998779296875,481.76300048828125,568.25,238.25
2024-09-23,226.2211151123047,193.8800048828125,172.94000244140625,420.9648742675781,161.85000610351562,564.4099731445312,433.510009765625,116.26000213623047,70.86000061035156,32.870094299316406,483.0400085449219,569.6699829101562,250.0
2024-09-24,227.1201171875,193.9600067138672,174.83999633789062,421.98455810546875,162.2899932861328,563.3300170898438,429.1700134277344,120.87000274658203,71.25,33.029998779296875,485.3699951171875,571.2999877929688,254.27000427246094
2024-09-25,226.1212158203125,192.52999877929688,175.52000427246094,418.9755859375,161.49000549316406,568.3099975585938,432.1099853515625,123.51000213623047,71.29000091552734,32.650001525878906,485.82000732421875,570.0399780273438,257.0199890136719
2024-09-26,227.26995849609375,191.16000366210938,178.08999633789062,421.4747009277344,162.72999572753906,567.8400268554688,431.30999755859375,124.04000091552734,71.51000213623047,32.7599983215332,489.4700012207031,572.2999877929688,254.22000122070312
2024-09-27,227.53965759277344,187.97000122070312,172.69000244140625,422.80426025390625,163.9499969482422,567.3599853515625,428.0199890136719,121.4000015258789,71.44999694824219,32.7400016784668,486.75,571.469970703125,260.4599914550781
2024-09-30,232.7439422607422,186.3300018310547,172.5,422.9742126464844,165.85000610351562,572.4400024414062,430.29998779296875,121.44000244140625,71.5999984741211,32.83000183105469,488.07000732421875,573.760009765625,261.6300048828125
2024-10-01,225.96141052246094,185.1300048828125,167.47000122070312,421.3547668457031,166.99000549316406,576.469970703125,420.69000244140625,117.0,70.55999755859375,32.41999816894531,481.2699890136719,568.6199951171875,258.0199890136719
2024-10-02,226.53077697753906,184.75999450683594,170.66000366210938,421.7646179199219,165.86000061035156,572.8099975585938,417.1300048828125,118.8499984741211,70.76000213623047,32.40999984741211,481.95001220703125,568.8599853515625,249.02000427246094
2024-10-03,225.42198181152344,181.9600067138672,171.88999938964844,419.8352966308594,165.86000061035156,582.77001953125,416.5400085449219,122.8499984741211,70.54000091552734,32.029998779296875,481.5899963378906,567.8200073242188,240.66000366210938
2024-10-04,226.55075073242188,186.50999450683594,176.63999938964844,423.26409912109375,167.05999755859375,595.9400024414062,416.05999755859375,124.91999816894531,71.4800033569336,32.150001525878906,487.32000732421875,572.97998046875,250.0800018310547
2024-10-07,221.4463653564453,180.8000030517578,175.0800018310547,419.46539306640625,162.97999572753906,584.780029296875,409.5400085449219,127.72000122070312,70.79000091552734,31.760000228881836,482.1000061035156,567.7999877929688,240.8300018310547
2024-10-08,225.52188110351562,182.72000122070312,180.72999572753906,420.6549987792969,164.3800048828125,592.8900146484375,414.7099914550781,132.88999938964844,71.69000244140625,32.0,489.29998779296875,573.1699829101562,244.5
2024-10-09,229.28773498535156,185.1699981689453,185.9499969482422,424.9035339355469,161.86000061035156,590.510009765625,417.4599914550781,132.64999389648438,72.11000061035156,32.06999969482422,493.1499938964844,577.1400146484375,241.0500030517578
2024-10-10,228.7882843017578,186.64999389648438,185.69000244140625,424.513671875,162.0800018310547,583.8300170898438,415.8399963378906,134.80999755859375,71.98999786376953,31.920000076293945,492.5899963378906,576.1300048828125,238.77000427246094
2024-10-11,227.2999267578125,188.82000732421875,181.47999572753906,428.582275390625,163.24000549316406,589.9500122070312,416.32000732421875,134.8000030517578,72.3499984741211,32.220001220703125,493.3599853515625,579.5800170898438,217.8000030517578
2024-10-14,231.04580688476562,187.5399932861328,182.30999755859375,430.7415466308594,164.9600067138672,590.4199829101562,419.1400146484375,138.07000732421875,72.91999816894531,32.400001525878906,497.5,584.3200073242188,219.16000366210938
2024-10-15,233.59300231933594,187.69000244140625,175.97999572753906,427.3927001953125,165.4600067138672,586.27001953125,418.739990234375,131.60000610351562,72.19999694824219,32.15999984741211,490.8500061035156,579.780029296875,219.57000732421875
2024-10-16,231.5252685546875,186.88999938964844,176.82000732421875,430.57159423828125,165.16000366210938,576.7899780273438,416.1199951171875,135.72000122070312,72.33999633789062,32.415000915527344,490.9100036621094,582.2999877929688,221.3300018310547
2024-10-17,231.89486694335938,187.52999877929688,181.52999877929688,432.3009948730469,162.92999267578125,576.9299926757812,416.7200012207031,136.92999267578125,72.37000274658203,32.16999816894531,491.25,582.3499755859375,220.88999938964844
2024-10-18,234.74172973632812,188.99000549316406,179.88999938964844,432.6400146484375,163.4199981689453,576.469970703125,418.1600036621094,138.0,72.87999725341797,32.52000045776367,494.4700012207031,584.5900268554688,220.6999969482422
2024-10-21,236.22010803222656,189.07000732421875,179.99000549316406,429.3699951171875,164.07000732421875,575.1599731445312,418.7799987792969,143.7100067138672,72.83999633789062,32.25,495.4200134277344,583.6300048828125,218.85000610351562
2024-10-22,235.60079956054688,189.6999969482422,179.3800048828125,429.30999755859375,165.13999938964844,582.010009765625,427.510009765625,143.58999633789062,73.22000122070312,32.249000549316406,495.9599914550781,583.3200073242188,217.97000122070312
2024-10-23,230.5063934326172,184.7100067138672,173.50999450683594,425.1600036621094,162.77999877929688,563.6900024414062,424.6000061035156,139.55999755859375,72.0,31.985000610351562,488.3599853515625,577.989990234375,213.64999389648438
2024-10-24,230.31661987304688,186.3800048828125,171.35000610351562,423.7799987792969,162.72000122070312,567.780029296875,424.7300109863281,140.41000366210938,72.5,32.63999938964844,492.32000732421875,579.239990234375,260.4800109863281
2024-10-25,231.1556854248047,187.8300018310547,173.0,421.1400146484375,165.27000427246094,573.25,428.1499938964844,141.5399932861328,73.0,32.68000030517578,495.32000732421875,579.0399780273438,269.19000244140625
2024-10-28,233.14349365234375,188.38999938964844,172.02000427246094,424.07000732421875,166.72000122070312,578.1599731445312,426.5899963378906,140.52000427246094,73.27999877929688,32.77000045776367,495.3999938964844,580.8300170898438,262.510009765625
2024-10-29,233.41319274902344,190.8300018310547,179.24000549316406,422.5,169.67999267578125,593.280029296875,431.95001220703125,141.25,73.7699966430664,32.75,500.1600036621094,581.77001953125,259.5199890136719
2024-10-30,229.8471221923828,192.72999572753906,176.63999938964844,421.75,174.4600067138672,591.7999877929688,432.5299987792969,139.33999633789062,73.44000244140625,32.40999984741211,496.3800048828125,580.010009765625,257.54998779296875
2024-10-31,225.66172790527344,186.39999389648438,169.77000427246094,417.6700134277344,171.11000061035156,567.5800170898438,406.3500061035156,132.75999450683594,71.31999969482422,31.84000015258789,483.8500061035156,568.6400146484375,249.85000610351562
2024-11-01,222.66502380371094,197.92999267578125,168.9199981689453,420.4200134277344,171.2899932861328,567.1599731445312,410.3699951171875,135.39999389648438,71.87000274658203,31.8799991607666,487.42999267578125,571.0399780273438,248.97999572753906
2024-11-04,221.76600646972656,195.77999877929688,168.5500030517578,418.04998779296875,169.24000549316406,560.6799926757812,408.4599914550781,136.0500030517578,71.56999969482422,31.709999084472656,486.010009765625,569.8099975585938,242.83999633789062
2024-11-05,223.2044219970703,199.5,173.89999389648438,422.29998779296875,169.74000549316406,572.4299926757812,411.4599914550781,139.91000366210938,72.62999725341797,31.989999771118164,492.2099914550781,576.7000122070312,251.44000244140625
2024-11-06,222.47523498535156,207.08999633789062,179.5500030517578,437.2300109863281,176.50999450683594,572.0499877929688,420.17999267578125,145.61000061035156,74.9000015258789,32.189998626708984,505.5799865722656,591.0399780273438,288.5299987792969
2024-11-07,227.22999572753906,210.0500030517578,183.80999755859375,437.3900146484375,180.75,591.7000122070312,425.42999267578125,148.8800048828125,75.95999908447266,32.0880012512207,513.5399780273438,595.6099853515625,296.9100036621094
2024-11-08,226.9600067138672,208.17999267578125,183.63999938964844,440.1099853515625,178.35000610351562,589.3400268554688,422.5400085449219,147.6300048828125,76.04000091552734,32.11000061035156,514.1400146484375,598.1900024414062,321.2200012207031
2024-11-11,224.22999572753906,206.83999633789062,178.91000366210938,443.010009765625,180.35000610351562,583.1699829101562,418.010009765625,145.25999450683594,76.12999725341797,32.48500061035156,513.8400268554688,598.760009765625,350.0
2024-11-12,224.22999572753906,208.91000366210938,176.22000122070312,439.3900146484375,181.6199951171875,584.8200073242188,423.0299987792969,148.2899932861328,76.01000213623047,32.029998779296875,512.9099731445312,596.9000244140625,328.489990234375
2024-11-13,225.1199951171875,214.10000610351562,173.5800018310547,439.80999755859375,178.8800048828125,580.0,425.20001220703125,146.27000427246094,75.87000274658203,31.479999542236328,512.25,597.1900024414062,330.239990234375
2024-11-14,228.22000122070312,211.47999572753906,170.3800048828125,437.70001220703125,175.5800018310547,577.1599731445312,426.8900146484375,146.75999450683594,75.31999969482422,30.690000534057617,508.69000244140625,593.3499755859375,311.17999267578125
2024-11-15,224.94500732421875,204.11000061035156,165.82000732421875,435.0799865722656,171.75999450683594,562.4299926757812,416.4800109863281,142.9199981689453,73.9000015258789,30.178499221801758,498.2200012207031,586.8200073242188,320.92999267578125
